feature_0,feature_1,feature_2,feature_3,feature_4,feature_5,feature_6,target
-1.2028950609003877,1.3990622425966244,-0.6194607942362674,1.3990622425966244,0.6134334546921817,-1.2028950609003877,0.6134334546921817,0
-0.9057494815851985,1.5613742058608489,0.8575581686464787,1.5613742058608489,1.6835718326858184,-0.9057494815851985,1.6835718326858184,1
-1.3451093883806478,1.22057960374727,-1.5891218252384567,1.22057960374727,-0.14118681712694228,-1.3451093883806478,-0.14118681712694228,0
-0.7559323456655395,1.5994029960700615,1.4880604054082949,1.5994029960700615,2.1177552116512546,-0.7559323456655395,2.1177552116512546,1
-0.6528055935587586,0.6642086336029394,-0.583963245265857,0.6642086336029394,0.10427269627938004,-0.6528055935587586,0.10427269627938004,0
-0.8058212109728536,1.4354765314190758,0.883803409968832,1.4354765314190758,1.6093454302497918,-0.8058212109728536,1.6093454302497918,1
-0.5636798345114016,0.6476125101019137,-0.3111133707854049,0.6476125101019137,0.26823418478550903,-0.5636798345114016,0.26823418478550903,0
-0.5794418257406244,1.1186813347890256,0.8609284832454066,1.1186813347890256,1.3652230935350993,-0.5794418257406244,1.3652230935350993,1
-0.2204894088988163,0.17920826190446204,-0.31488568938344663,0.17920826190446204,-0.07333705688089562,-0.2204894088988163,-0.07333705688089562,0
-1.1404246863151746,0.9451367304638453,-1.5811493880498397,0.9451367304638453,-0.335473523385458,-1.1404246863151746,-0.335473523385458,0
-1.149352610699442,1.0165190087991967,-1.4267410519489263,1.0165190087991967,-0.18420331180410035,-1.149352610699442,-0.18420331180410035,0
-1.8100731896110471,2.5977409838587127,0.3516236995532285,2.5977409838587127,2.1076233323382185,-1.8100731896110471,2.1076233323382185,1
-1.157206639800473,1.7110891060132474,0.35595495395103616,1.7110891060132474,1.468455182028567,-1.157206639800473,1.468455182028567,1
-1.3171239881289996,2.1389081449686724,0.9039660823811271,2.1389081449686724,2.131654432964281,-1.3171239881289996,2.131654432964281,1
-1.0770617331054226,2.204667582769548,1.926836009201795,2.204667582769548,2.8389775116758593,-1.0770617331054226,2.8389775116758593,1
-0.64801534040364,0.5009313829937883,-0.9925919298154726,0.5009313829937883,-0.27749437943441313,-0.64801534040364,-0.27749437943441313,0
-0.7718568241595634,1.5802741807842717,1.3817158924626982,1.5802741807842717,2.035317318378672,-0.7718568241595634,2.035317318378672,1
-1.1815576283648228,1.3609895099367608,-0.6430262668360296,1.3609895099367608,0.5706688797144899,-1.1815576283648228,0.5706688797144899,0
-0.38100191617747253,0.30043427573448733,-0.5681889335958776,0.30043427573448733,-0.1489366575396687,-0.38100191617747253,-0.1489366575396687,0
-0.7855327399756805,1.1185234945484277,0.12955343754022686,1.1185234945484277,0.8934003386949099,-0.7855327399756805,0.8934003386949099,1
0.1859409708569324,0.40325039041376964,1.7106583030765625,0.40325039041376964,1.3952730701476062,0.1859409708569324,1.3952730701476062,1
-1.5822934135175182,2.479582224190969,0.8515060911336388,2.479582224190969,2.344477678699518,-1.5822934135175182,2.344477678699518,1
-0.8503941314065031,1.4296016605320785,0.7103979329484358,1.4296016605320785,1.493252061630997,-0.8503941314065031,1.493252061630997,1
1.758217339580814,-1.478078497351524,2.383105197775843,-1.478078497351524,0.46683857080344227,1.758217339580814,0.46683857080344227,1
0.6928783417679992,-0.46035362143678027,1.2574871317090195,-0.46035362143678027,0.4777209621394352,0.6928783417679992,0.4777209621394352,1
-0.13480138148637671,0.2256538641893041,0.11010362576143606,0.2256538641893041,0.23439249222208453,-0.13480138148637671,0.23439249222208453,0
-0.9358349304545004,1.5266375074950087,0.6603020555341859,1.5266375074950087,1.5311989318627277,-0.9358349304545004,1.5311989318627277,1
0.08644964601835914,0.23689150490595734,0.9241305707657297,0.23689150490595734,0.7675446056711775,0.08644964601835914,0.7675446056711775,1
-0.9230264133403401,1.2403297340663753,-0.040594079649505566,1.2403297340663753,0.8718530496795756,-0.9230264133403401,0.8718530496795756,0
-0.7892976230246295,1.349821573833108,0.7191304475409064,1.349821573833108,1.4411211005224618,-0.7892976230246295,1.4411211005224618,0
-0.12629563287747333,0.5114940579477538,0.8853783830571257,0.5114940579477538,0.9413711531428398,-0.12629563287747333,0.9413711531428398,1
-0.8894760475286316,0.6763158996466616,-1.39182610419456,0.6763158996466616,-0.40800143259669874,-0.8894760475286316,-0.40800143259669874,0
-1.36631574429028,1.2433101312301336,-1.6050843475455374,1.2433101312301336,-0.1350244632311843,-1.36631574429028,-0.1350244632311843,0
-1.1492137099329036,1.4062672704528574,-0.4102821681677917,1.4062672704528574,0.7535621860200963,-1.1492137099329036,0.7535621860200963,0
0.05273318831328542,0.3542851118457615,1.1105577396816222,0.3542851118457615,0.9727792543655459,0.05273318831328542,0.9727792543655459,1
0.398351407305575,0.09572703502993551,1.6624074184831872,0.09572703502993551,1.1414973086565128,0.398351407305575,1.1414973086565128,1
-1.0662116606841077,1.7732476005242828,0.8407261508958926,1.7732476005242828,1.8261183100960454,-1.0662116606841077,1.8261183100960454,1
-0.926478313737068,0.49970947278558353,-1.983430052872892,0.49970947278558353,-0.9174311506051648,-0.926478313737068,-0.9174311506051648,0
0.8858839135753069,-0.5203518015951387,1.7856409080960916,-0.5203518015951387,0.7749191968746182,0.8858839135753069,0.7749191968746182,1
-1.3413063330576953,1.5057809843761238,-0.8321917980164784,1.5057809843761238,0.5534976867972724,-1.3413063330576953,0.5534976867972724,0
-1.1381555511857715,1.5478582386533768,-0.00197246717042332,1.5478582386533768,1.1194220331452946,-1.1381555511857715,1.1194220331452946,1
-0.9375348580410033,1.5644802322059763,0.752918296282828,1.5644802322059763,1.618332035687416,-0.9375348580410033,1.618332035687416,1
-0.7968071724386657,0.829265335687589,-0.664450984674355,0.829265335687589,0.17186706624076586,-0.7968071724386657,0.17186706624076586,0
-1.5298862218666216,1.228025710764747,-2.2250786602244665,1.228025710764747,-0.5459630571600109,-1.5298862218666216,-0.5459630571600109,0
-0.7285709769455354,1.2767316562415525,0.7439905596944203,1.2767316562415525,1.4042356891285077,-0.7285709769455354,1.4042356891285077,0
-0.9576863090344965,0.34571390794715773,-2.4955425902881547,0.34571390794715773,-1.3592210793794837,-0.9576863090344965,-1.3592210793794837,0
-1.1942132696966756,1.962036667115159,0.8788508605771828,1.962036667115159,1.9873960182301385,-1.1942132696966756,1.9873960182301385,1
-0.5015392127897742,0.6936570094222001,0.029312401613577066,0.6936570094222001,0.5211331258691531,-0.5015392127897742,0.5211331258691531,0
-1.2983644864726485,1.0082520538246662,-1.9768062941694975,1.0082520538246662,-0.5449595253481739,-1.2983644864726485,-0.5449595253481739,0
1.0803346814243953,-0.870069225901122,1.5637023397686032,-0.870069225901122,0.378571903058024,1.0803346814243953,0.378571903058024,1
-0.7934735145853802,0.9839086870427713,-0.24951459318673508,0.9839086870427713,0.5514511745949362,-0.7934735145853802,0.5514511745949362,0
-1.3815421333829263,2.0835355209196944,0.5311465371192836,2.0835355209196944,1.8511089351300554,-1.3815421333829263,1.8511089351300554,1
-0.9496487649432366,1.02401506276566,-0.6988909720269028,1.02401506276566,0.29065905641655093,-0.9496487649432366,0.29065905641655093,0
-1.7456820124033157,2.71480597978064,0.8851625939720295,2.71480597978064,2.5364936269061222,-1.7456820124033157,2.5364936269061222,1
-1.514962260291971,2.3312126424204016,0.7035577569934703,2.3312126424204016,2.14163287967559,-1.514962260291971,2.14163287967559,1
-1.8275204457159582,2.3938977778145087,-0.24162127830173863,2.3938977778145087,1.577414997272603,-1.8275204457159582,1.577414997272603,1
-1.154147963855029,1.448714315916637,-0.3171352470955098,1.448714315916637,0.8443712196116311,-1.154147963855029,0.8443712196116311,0
-0.481070504520416,1.0609438843419736,1.059326440051486,1.0609438843419736,1.451378476941898,-0.481070504520416,1.451378476941898,1
0.26445001747177554,0.24624865441829902,1.5798540945066553,0.24624865441829902,1.1972356359922591,0.26445001747177554,1.1972356359922591,1
0.20117187756240884,0.4581212624930462,1.907712539277973,0.4581212624930462,1.5620934931563981,0.20117187756240884,1.5620934931563981,0
0.8087474216695335,-0.25296265862541323,2.20906282248676,-0.25296265862541323,1.241607356405315,0.8087474216695335,1.241607356405315,1
-0.8586150875501515,0.8986200096524363,-0.7028828936427987,0.8986200096524363,0.197294771686531,-0.8586150875501515,0.197294771686531,0
1.2747324815352892,-0.8708719633047215,2.251100267714124,-0.8708719633047215,0.8213356404168208,1.2747324815352892,0.8213356404168208,1
-0.7862367942457398,0.7143779265275978,-0.9264397407311509,0.7143779265275978,-0.08028730909074974,-0.7862367942457398,-0.08028730909074974,0
-0.797001396246864,1.015420342127525,-0.17988509549600673,1.015420342127525,0.6191748449188242,-0.797001396246864,0.6191748449188242,0
-1.2524693068265038,1.1003482313279525,-1.5739558583970281,1.1003482313279525,-0.21845635413538683,-1.2524693068265038,-0.21845635413538683,0
-1.6089817773315473,2.088612820621492,-0.2623016528424893,2.088612820621492,1.3430418081487618,-1.6089817773315473,1.3430418081487618,1
-1.4625614274369414,2.3088128673420574,0.8310230826697986,2.3088128673420574,2.2076249738554496,-1.4625614274369414,2.2076249738554496,1
-2.43880488819824,3.419450789570703,0.2636079040708653,3.419450789570703,2.6457982654527874,-2.43880488819824,2.6457982654527874,1
-0.5752042154312271,0.8674471347999789,0.22106017454659077,0.8674471347999789,0.770632070176758,-0.5752042154312271,0.770632070176758,0
-1.3689723618658698,1.1481297244552997,-1.8626159140770224,1.1481297244552997,-0.37003568405078907,-1.3689723618658698,-0.37003568405078907,0
0.07316768733542282,0.019513203627158693,0.3103768163199685,0.019513203627158693,0.21430910594893615,0.07316768733542282,0.21430910594893615,0
-1.1656854366629743,0.6675097159438338,-2.3944413203910857,0.6675097159438338,-1.061025204719537,-1.1656854366629743,-1.061025204719537,0
-1.103549720475378,0.9645382527248797,-1.3997867796274073,0.9645382527248797,-0.204454426939672,-1.103549720475378,-0.204454426939672,0
-1.3379872067391074,1.4325373671915682,-1.0113454255345289,1.4325373671915682,0.3849200609292677,-1.3379872067391074,0.3849200609292677,0
-1.095752415117869,1.8218621796868382,0.862675754169573,1.8218621796868382,1.8754733143794073,-1.095752415117869,1.8754733143794073,1
0.7706016146079012,-0.23307513711371342,2.125608493966572,-0.23307513711371342,1.2021817002149675,0.7706016146079012,1.2021817002149675,1
0.519118219022569,-0.1904553562685829,1.3447447800179304,-0.1904553562685829,0.729412914817856,0.519118219022569,0.729412914817856,1
-1.0432374771334645,1.80239362440429,0.998186669722787,1.80239362440429,1.9487767893094097,-1.0432374771334645,1.9487767893094097,1
-1.3206585598446219,1.3220714966144647,-1.2378382111641237,1.3220714966144647,0.15886052869984188,-1.3206585598446219,0.15886052869984188,0
-1.0137902135753487,1.3407830600411923,-0.10066116130281444,1.3407830600411923,0.9058432345753878,-1.0137902135753487,0.9058432345753878,0
-0.33920341012948335,0.1698590235226507,-0.7603115938019812,0.1698590235226507,-0.36738856969423317,-0.33920341012948335,-0.36738856969423317,0
0.01199039474875942,0.7672712401858619,2.0425920712800076,0.7672712401858619,1.872919086400023,0.01199039474875942,1.872919086400023,1
-0.4888851500928019,0.9368045837855158,0.7080125216046759,0.9368045837855158,1.1349142068339884,-0.4888851500928019,1.1349142068339884,1
-0.8211084513988934,0.7686553494849953,-0.9086363201198918,0.7686553494849953,-0.029506368522044045,-0.8211084513988934,-0.029506368522044045,0
-0.9850014438700181,1.2353826736444813,-0.27330284389633264,1.2353826736444813,0.718183127730824,-0.9850014438700181,0.718183127730824,0
-1.3792650085111604,1.1457445273326115,-1.9053394415251326,1.1457445273326115,-0.3993176502775946,-1.3792650085111604,-0.3993176502775946,0
0.5127816376730511,-0.20092079006454067,1.2949896830092862,-0.20092079006454067,0.6897455341689921,0.5127816376730511,0.6897455341689921,1
-1.7586037103360341,1.5921237306225247,-2.087191107365622,1.5921237306225247,-0.19341343332124425,-1.7586037103360341,-0.19341343332124425,0
-0.5144776823370598,0.49444787527048206,-0.5358610571252477,0.49444787527048206,0.012385031690774914,-0.5144776823370598,0.012385031690774914,0
-1.8409069620529517,1.9917851850216766,-1.337297228520551,1.9917851850216766,0.5796054371078517,-1.8409069620529517,0.5796054371078517,0
-1.8926808635594659,2.5743521914824465,-0.0023374681226693284,2.5743521914824465,1.8623979754984668,-1.8926808635594659,1.8623979754984668,1
-0.752039625000646,0.3972481606381729,-1.631819002734792,0.3972481606381729,-0.7648406490879934,-0.752039625000646,-0.7648406490879934,0
-1.7548479964590522,1.6264555943852776,-1.9843766345776124,1.6264555943852776,-0.10224483128129577,-1.7548479964590522,-0.10224483128129577,0
0.1360605416522433,0.2808749723403007,1.214743347975274,0.2808749723403007,0.9868238544425363,0.1360605416522433,0.9868238544425363,1
-1.4616201999753735,0.8756363103455974,-2.901534601652533,0.8756363103455974,-1.2373909763932778,-1.4616201999753735,-1.2373909763932778,0
-0.8543058012931998,0.4823204497469249,-1.7727768522581475,0.4823204497469249,-0.7941581812190484,-0.8543058012931998,-0.7941581812190484,0
-1.6153109815496012,1.6345247317013958,-1.4684325008149735,1.6345247317013958,0.23636136797370252,-1.6153109815496012,0.23636136797370252,0
-1.3391468932606876,1.4443363208867686,-0.9847019853555449,1.4443363208867686,0.4106468283680752,-1.3391468932606876,0.4106468283680752,0
-1.5149657331258812,2.1716907889867816,0.28771596182223225,2.1716907889867816,1.7579326443326173,-1.5149657331258812,1.7579326443326173,1
-0.5341376729244137,1.1324791016464129,1.0575803012614324,1.1324791016464129,1.5020458546129496,-0.5341376729244137,1.5020458546129496,1
-1.2924050497878712,2.030763666398647,0.7097364235810772,2.030763666398647,1.9280841184352404,-1.2924050497878712,1.9280841184352404,1
-1.2937531445593795,1.6287549935667185,-0.34297074219153734,1.6287549935667185,0.9580629949859645,-1.2937531445593795,0.9580629949859645,0
-0.7852636171068983,1.1090220661046621,0.10574035940718574,1.1090220661046621,0.8711625195806453,-0.7852636171068983,0.8711625195806453,0
-2.0560611942496605,2.120156733674183,-1.7657773955444866,2.120156733674183,0.3961971050197477,-2.0560611942496605,0.3961971050197477,0
-1.156579579488672,1.686865063184399,0.2950336135560314,1.686865063184399,1.4116243770062125,-1.156579579488672,1.4116243770062125,1
-0.737323907407246,0.5896399113227601,-1.078113036197355,0.5896399113227601,-0.2684246246993823,-0.737323907407246,-0.2684246246993823,0
-0.6154058697621011,0.6959967832418923,-0.3684509029499332,0.6959967832418923,0.2662853205876813,-0.6154058697621011,0.2662853205876813,0
1.4224101184375868,-1.408704848020756,1.3729015548810748,-1.408704848020756,-0.13447497799725577,1.4224101184375868,-0.13447497799725577,1
-0.019477509498872676,0.5088571850712529,1.2573674815621456,0.5088571850712529,1.1793804891079027,-0.019477509498872676,1.1793804891079027,1
-0.15733381051445475,0.44290315990077245,0.5964945679631984,0.44290315990077245,0.7053905252199871,-0.15733381051445475,0.7053905252199871,1
0.9017178777005113,-0.3980446557786095,2.1606218368941312,-0.3980446557786095,1.1053212355585003,0.9017178777005113,1.1053212355585003,1
-1.3855183055811404,2.2087865628655186,0.8435387665497971,2.2087865628655186,2.143275161781797,-1.3855183055811404,2.143275161781797,1
-1.4296074888588435,1.315442826110524,-1.6415375709346587,1.315442826110524,-0.10630921489670332,-1.4296074888588435,-0.10630921489670332,0
-0.14724166953691525,0.6398161592005389,1.1455872734513664,0.6398161592005389,1.2021046905151767,-0.14724166953691525,1.2021046905151767,0
-0.8407531383754414,0.8563120889717681,-0.7498151836038681,0.8563120889717681,0.13639310904545066,-0.8407531383754414,0.13639310904545066,0
-0.4696376740874485,1.1325881364063635,1.286633228696691,1.1325881364063635,1.6498550332201414,-0.4696376740874485,1.6498550332201414,1
-1.5824301816868602,1.9068084004304668,-0.6420423929409365,1.9068084004304668,0.966492126244352,-1.5824301816868602,0.966492126244352,1
-0.3837927575346688,0.9473380266939041,1.1082121761843546,0.9473380266939041,1.400653944946308,-0.3837927575346688,1.400653944946308,1
-1.2793027814742648,1.078118125588714,-1.7270766260829076,1.078118125588714,-0.3333085375104358,-1.2793027814742648,-0.3333085375104358,0
-1.0782501163039286,1.889012320230332,1.0997948341185524,1.889012320230332,2.0770245502069966,-1.0782501163039286,2.0770245502069966,1
-1.0836081742925603,0.9639221372983052,-1.3306641132320665,0.9639221372983052,-0.16031907951585622,-1.0836081742925603,-0.16031907951585622,0
-0.7755169290770235,1.2899907580715055,0.6120453998308255,1.2899907580715055,1.3287361638539728,-0.7755169290770235,1.3287361638539728,1
-0.5102119773202832,1.167201276360589,1.2329511320232625,1.167201276360589,1.6402930835162157,-0.5102119773202832,1.6402930835162157,1
-1.3087894524082186,1.8508143913661974,0.18254606473764057,1.8508143913661974,1.4577783430379638,-1.3087894524082186,1.4577783430379638,1
-1.3910555325548644,0.5755653484811585,-3.4334579627438098,0.5755653484811585,-1.7977209347920808,-1.3910555325548644,-1.7977209347920808,0
1.4940924133511657,-1.1069341880785246,2.413777324318178,-1.1069341880785246,0.7553401300537057,1.4940924133511657,0.7553401300537057,1
-0.9749575412340657,0.8575814583419612,-1.2225026885297894,0.8575814583419612,-0.16755289678668472,-0.9749575412340657,-0.16755289678668472,0
-0.5338693132811864,0.9187752671907101,0.5014651601808824,0.9187752671907101,0.9886454403501229,-0.5338693132811864,0.9886454403501229,1
-1.7903911535318593,1.3556638512699088,-2.8163205568426726,1.3556638512699088,-0.8348773865849534,-1.7903911535318593,-0.8348773865849534,0
-1.0961606176350065,1.2895521833045265,-0.5263574151598859,1.2895521833045265,0.5941930601772658,-1.0961606176350065,0.5941930601772658,0
0.5975070980219748,-0.206369359338628,1.5812911702074128,-0.206369359338628,0.8704539421212371,0.5975070980219748,0.8704539421212371,1
1.664758176659377,-1.4819986857065306,2.041405232318228,-1.4819986857065306,0.24361704597871797,1.664758176659377,0.24361704597871797,1
-0.6351771168169958,0.5786149928180337,-0.7445575502806729,0.5786149928180337,-0.06127666282506552,-0.6351771168169958,-0.06127666282506552,0
-0.9132224709344153,0.5133149239722998,-1.900948548396114,0.5133149239722998,-0.8543830457641128,-0.9132224709344153,-0.8543830457641128,0
-0.1349520668683479,0.5977520144344299,1.079526432149698,0.5977520144344299,1.1290423566614454,-0.1349520668683479,1.1290423566614454,1
-0.0055358657105955686,0.5364981431897049,1.3788680818724293,0.5364981431897049,1.277756507533391,-0.0055358657105955686,1.277756507533391,1
0.02533517562344552,0.30777294419246837,0.892138028809571,0.30777294419246837,0.7982308748390309,0.02533517562344552,0.7982308748390309,0
-0.44141928954131776,0.6303001562666896,0.07739200293956805,0.6303001562666896,0.5062704029519655,-0.44141928954131776,0.5062704029519655,0
-0.010522939597223611,0.4703126995101826,1.1886527213263476,0.4703126995101826,1.1071548159165117,-0.010522939597223611,1.1071548159165117,1
-1.1433821715808135,0.8334049931679238,-1.8828928266214255,0.8334049931679238,-0.6109833257337359,-1.1433821715808135,-0.6109833257337359,0
-0.4413031105054048,0.7792284112237329,0.466018955013744,0.7792284112237329,0.8647480502768119,-0.4413031105054048,0.8647480502768119,1
-1.2274506741045654,1.1465308810807588,-1.3648342986691828,1.1465308810807588,-0.050143501156642206,-1.2274506741045654,-0.050143501156642206,0
0.24675708391390005,0.2561445524226863,1.5428966450643826,0.2561445524226863,1.1805644345243562,0.24675708391390005,1.1805644345243562,1
-1.3792146102604637,2.1240206040258,0.6449352463927231,2.1240206040258,1.9538106021343475,-1.3792146102604637,1.9538106021343475,1
-0.3888357923988081,0.8916121033225269,0.9450634179846108,0.8916121033225269,1.2550821553484033,-0.3888357923988081,1.2550821553484033,1
-0.43813953703463265,1.2017083589312583,1.5785282315496263,1.2017083589312583,1.8881610064481138,-0.43813953703463265,1.8881610064481138,1
-1.1442696965527548,1.3443490303316141,-0.5541505089317995,1.3443490303316141,0.6159420995012136,-1.1442696965527548,0.6159420995012136,0
0.18158546111744742,0.017064823733421886,0.6885309067766223,0.017064823733421886,0.45643109645186214,0.18158546111744742,0.45643109645186214,1
-0.340977527031257,0.638653330754259,0.4554134365951954,0.638653330754259,0.7561274732091379,-0.340977527031257,0.7561274732091379,1
-0.6546195134212566,0.9219107757797845,0.08136155427267822,0.9219107757797845,0.7199651441509829,-0.6546195134212566,0.7199651441509829,0
1.3533922511487435,-1.3658508890230094,1.239817320111241,-1.3658508890230094,-0.18928162851630023,1.3533922511487435,-0.18928162851630023,1
-1.6792545786180215,1.7391524810824266,-1.4224920703990747,1.7391524810824266,0.341744680808998,-1.6792545786180215,0.341744680808998,0
-0.9590254912219623,0.6813002551059792,-1.6255113474954914,0.6813002551059792,-0.5551105128199978,-0.9590254912219623,-0.5551105128199978,0
-1.358787267760674,1.3848352401084978,-1.20946540643775,1.3848352401084978,0.22260265303290752,-1.358787267760674,0.22260265303290752,0
-0.4317318388512023,1.1238828442614484,1.398385412781352,1.1238828442614484,1.7156279641843792,-0.4317318388512023,1.7156279641843792,1
-0.6597995736882774,1.073806262359454,0.4589385504319985,1.073806262359454,1.0734643610920103,-0.6597995736882774,1.0734643610920103,1
-1.20692442116961,1.4624415327073566,-0.46853980590393507,1.4624415327073566,0.7566600672479985,-1.20692442116961,0.7566600672479985,0
-0.9699692407362774,1.6328347264950134,0.8160612886995959,1.6328347264950134,1.7085474449777605,-0.9699692407362774,1.7085474449777605,1
0.00018990406656431888,0.5130632309936642,1.3380878986745648,0.5130632309936642,1.2344873193963632,0.00018990406656431888,1.2344873193963632,1
-2.381572333290597,2.4649460662262506,-2.021530147328501,2.4649460662262506,0.48088398536097204,-2.381572333290597,0.48088398536097204,0
-0.38568546201659604,0.6156790860057804,0.23695573787883806,0.6156790860057804,0.5985967309480552,-0.38568546201659604,0.5985967309480552,0
-1.5689318093599738,2.0606006186341634,-0.19327244453030867,2.0606006186341634,1.3672813185567354,-1.5689318093599738,1.3672813185567354,1
0.12727131582724874,0.5455305885478183,1.8734539097597485,0.5455305885478183,1.603284892678677,0.12727131582724874,1.603284892678677,0
-1.0525143756899114,0.8937938929419953,-1.4031855688002222,0.8937938929419953,-0.2578674793969375,-1.0525143756899114,-0.2578674793969375,0
-0.08017866640569157,0.3280355980526801,0.5707205076278918,0.3280355980526801,0.6055998163471246,-0.08017866640569157,0.6055998163471246,1
-1.100475523105124,1.1369019288834792,-0.9395786433026385,1.1369019288834792,0.21715822541691124,-1.100475523105124,0.21715822541691124,0
-2.0194261408349288,2.60078390431392,-0.3829776440033512,2.60078390431392,1.6360371842512267,-2.0194261408349288,1.6360371842512267,1
-0.4803757010594153,1.088456858628394,1.1335095063521263,1.088456858628394,1.5191438612915662,-0.4803757010594153,1.5191438612915662,1
0.027344565090159405,0.4078705495187609,1.160191786120858,0.4078705495187609,1.043588693860989,0.027344565090159405,1.043588693860989,1
-1.039532674890524,1.2694464049506002,-0.37791955224472207,1.2694464049506002,0.6753725456894204,-1.039532674890524,0.6753725456894204,0
-0.681086067848131,1.1591767503122727,0.6059768952522022,1.1591767503122727,1.2301090837141775,-0.681086067848131,1.2301090837141775,1
-1.8537112021684161,2.278443591878444,-0.635471919024005,2.278443591878444,1.2398044693611585,-1.8537112021684161,1.2398044693611585,1
0.5457854901928996,-0.22786612784698335,1.3418087379918666,-0.22786612784698335,0.7004327996342696,0.5457854901928996,0.7004327996342696,1
-1.3629068041380639,2.245806881842401,1.0202390395531453,2.245806881842401,2.284043752262694,-1.3629068041380639,2.284043752262694,1
-1.30372554556312,1.1073522089301062,-1.7374941337845216,1.1073522089301062,-0.3188611019299017,-1.30372554556312,-0.3188611019299017,0
-1.0064469856260336,0.47432228909350294,-2.3332404586534086,0.47432228909350294,-1.1614263205689928,-1.0064469856260336,-1.1614263205689928,0
-0.8903066385359698,0.9040964646996044,-0.801010931781513,0.9040964646996044,0.13797111366909745,-0.8903066385359698,0.13797111366909745,0
0.09463741130550267,0.2074044300516934,0.8763062784282533,0.2074044300516934,0.7153502999001691,0.09463741130550267,0.7153502999001691,1
-1.5476872058379225,2.076132846323092,-0.07743381519621795,2.076132846323092,1.45323851424401,-1.5476872058379225,1.45323851424401,1
-0.03379402686668214,0.5681289760906494,1.3610948465374406,0.5681289760906494,1.289195100829499,-0.03379402686668214,1.289195100829499,1
-1.206357417514802,1.7619295236038084,0.3141538407369864,1.7619295236038084,1.4783050238340876,-1.206357417514802,1.4783050238340876,1
-1.5695100951552274,2.050719046581814,-0.22108204268062526,2.050719046581814,1.3421906644036752,-1.5695100951552274,1.3421906644036752,1
-0.25225881770411496,0.4057298441635878,0.16291381132234029,0.4057298441635878,0.39883323435296664,-0.25225881770411496,0.39883323435296664,0
-0.9829498196590285,0.7583807167242551,-1.5094386900729253,0.7583807167242551,-0.4244396740315136,-0.9829498196590285,-0.4244396740315136,0
-2.1251169458114028,3.0282753625491527,0.35651036660069624,3.0282753625491527,2.42249440303011,-2.1251169458114028,2.42249440303011,1
-0.668286951899973,0.8082536397015846,-0.2633869479137958,0.8082536397015846,0.41532470300871405,-0.668286951899973,0.41532470300871405,0
-0.9183568828116521,1.5333297676599786,0.7397381007888171,1.5333297676599786,1.5872774833536345,-0.9183568828116521,1.5872774833536345,1
-1.4036148056627733,2.0436823037311855,0.34897279993549624,2.0436823037311855,1.7047590726624513,-1.4036148056627733,1.7047590726624513,1
-1.6999084359793346,1.4371004956869726,-2.2831134299440947,1.4371004956869726,-0.4320170276194041,-1.6999084359793346,-0.4320170276194041,0
-1.6304469680055973,2.3849028163150967,0.4339118785320526,2.3849028163150967,2.0065950109509796,-1.6304469680055973,2.0065950109509796,1
-0.39542243139649336,1.0105569224559523,1.231758255706762,1.0105569224559523,1.5261086753030004,-0.39542243139649336,1.5261086753030004,1
-1.50834121075633,1.2872607143083168,-1.9942534607933373,1.2872607143083168,-0.3542019180523975,-1.50834121075633,-0.3542019180523975,0
-0.37713962651099103,0.23418082619173497,-0.7271946292029151,0.23418082619173497,-0.29945856669052046,-0.37713962651099103,-0.29945856669052046,0
-0.7391398307770922,1.2986628558213256,0.7636735201729368,1.2986628558213256,1.4328092572296958,-0.7391398307770922,1.4328092572296958,0
-1.1796548879203397,0.7103922500367277,-2.3322052536041133,0.7103922500367277,-0.9898371641714857,-1.1796548879203397,-0.9898371641714857,0
0.42107476545007266,0.24636979191085406,2.1356867849544354,0.24636979191085406,1.5558138216495683,0.42107476545007266,1.5558138216495683,1
-1.802723147253254,2.310504695762888,-0.3710529447014348,2.310504695762888,1.4335575969591143,-1.802723147253254,1.4335575969591143,1
-0.5079030199271569,1.057662292641138,0.9556026249321022,1.057662292641138,1.3821046807766715,-0.5079030199271569,1.3821046807766715,1
-1.186202924887702,0.9551210283911877,-1.7174894101301559,0.9551210283911877,-0.41617861682817614,-1.186202924887702,-0.41617861682817614,0
-2.5186827549827244,3.44827906944135,0.05544432753080297,3.44827906944135,2.532413360095585,-2.5186827549827244,2.532413360095585,1
-0.39005473103992794,0.9366759622550791,1.0582091365450463,0.9366759622550791,1.36068428465812,-0.39005473103992794,1.36068428465812,1
-0.8903830472869965,1.4405816497778496,0.5971869829546257,1.4405816497778496,1.4281852299481599,-0.8903830472869965,1.4281852299481599,1
-1.0480996634845268,1.144556327749186,-0.7338589498388257,1.144556327749186,0.3553814372996618,-1.0480996634845268,0.3553814372996618,0
-1.0874447643414586,1.8824981533300087,1.050202604480411,1.8824981533300087,2.040323044360096,-1.0874447643414586,2.040323044360096,1
0.034623497011497396,0.38587596269302304,1.12867489203308,0.38587596269302304,1.0073368043970874,0.034623497011497396,1.0073368043970874,1
-1.613335772804435,2.1559728805508334,-0.10215531212484574,2.1559728805508334,1.4951006070283206,-1.613335772804435,1.4951006070283206,1
-0.9192801572659234,1.1017837932625822,-0.3884579107245453,1.1017837932625822,0.5471831269912846,-0.9192801572659234,0.5471831269912846,0
-0.8181903528211408,1.5711617679496497,1.1936265082483368,1.5711617679496497,1.9074093262793372,-0.8181903528211408,1.9074093262793372,1
-0.5344331753747975,0.8927517086182275,0.4316290129449043,0.8927517086182275,0.9247620299376849,-0.5344331753747975,0.9247620299376849,0
-0.4282521938272184,1.1643815696948323,1.5162960317292762,1.1643815696948323,1.8209979801389202,-0.4282521938272184,1.8209979801389202,1
-1.4290355624488607,1.3736479942178923,-1.4877842404061858,1.3736479942178923,0.03499793407822064,-1.4290355624488607,0.03499793407822064,0
-1.0943139212109447,0.7659149932787161,-1.8847852908315628,0.7659149932787161,-0.6610686063209633,-1.0943139212109447,-0.6610686063209633,0
0.19138973403785356,0.5784483716304403,2.186676805014643,0.5784483716304403,1.829134912689082,0.19138973403785356,1.829134912689082,1
-1.2852150459593321,1.8998974058712403,0.39410569132555184,1.8998974058712403,1.6297636024554982,-1.2852150459593321,1.6297636024554982,1
0.9631158756262589,-0.5727549472496716,1.9229668118585574,-0.5727549472496716,0.8255476712812894,0.9631158756262589,0.8255476712812894,1
-1.2378280336328777,1.8024371969509072,0.3081261396819406,1.8024371969509072,1.5037461197564235,-1.2378280336328777,1.5037461197564235,1
-1.1845016344032997,0.8045586077461723,-2.1039299775317066,0.8045586077461723,-0.7744293143208811,-1.1845016344032997,-0.7744293143208811,0
-0.734393142783917,1.208878703897185,0.5464665584047352,1.208878703897185,1.2277128837668538,-0.734393142783917,1.2277128837668538,1
-1.1091045257872822,1.7952224696815966,0.745876088611618,1.7952224696815966,1.7808541487656584,-1.1091045257872822,1.7808541487656584,1
-1.8279639099986664,1.351369047386974,-2.9607790416666457,1.351369047386974,-0.9311570562088408,-1.8279639099986664,-0.9311570562088408,0
-1.362102459991724,1.0653739762757872,-2.053971147082531,1.0653739762757872,-0.55336992950337,-1.362102459991724,-0.55336992950337,0
-1.1495227289026688,1.7712839466893644,0.5401196106299084,1.7712839466893644,1.6308170347689246,-1.1495227289026688,1.6308170347689246,1
-0.24822054841615895,0.6581395472056182,0.8351992359055314,0.6581395472056182,1.0151831355731669,-0.24822054841615895,1.0151831355731669,1
-0.8779561339372901,1.5178828958180417,0.8427658097185204,1.5178828958180417,1.6425423680196691,-0.8779561339372901,1.6425423680196691,1
-1.3661110104182015,1.3878328370970805,-1.2276273605112813,1.3878328370970805,0.21305924570400736,-1.3661110104182015,0.21305924570400736,0
-0.8329400199900864,0.6991108942069199,-1.1318837628088623,0.6991108942069199,-0.2238444907634298,-0.8329400199900864,-0.2238444907634298,0
-1.13532933591852,1.6077934546350718,0.1642861365342858,1.6077934546350718,1.2700472019758298,-1.13532933591852,1.2700472019758298,1
-0.9445090829912562,0.31220457201113005,-2.5361551802101303,0.31220457201113005,-1.409676350957224,-0.9445090829912562,-1.409676350957224,0
-0.6811881588594276,1.2877178309818413,0.9406859459242165,1.2877178309818413,1.5390508758813581,-0.6811881588594276,1.5390508758813581,1
-1.3342229350467967,1.4131920904454338,-1.0484221016781752,1.4131920904454338,0.3470005053969394,-1.3342229350467967,0.3470005053969394,0
-1.2947658972600753,2.071876193702519,0.8085319861603302,2.071876193702519,2.0215700764191635,-1.2947658972600753,2.0215700764191635,1
-1.5425350782581884,2.334880733574064,0.6153241420802561,2.334880733574064,2.087381432178013,-1.5425350782581884,2.087381432178013,1
-0.6274333902248607,1.2282550322189896,0.9763403320754991,1.2282550322189896,1.518993780348334,-0.6274333902248607,1.518993780348334,1
-1.2201310023386078,0.9087325036722044,-1.9587476626014593,0.9087325036722044,-0.605367446824017,-1.2201310023386078,-0.605367446824017,0
0.3097553968388076,0.2731307015838066,1.8106173731333866,0.2731307015838066,1.365532361081681,0.3097553968388076,1.365532361081681,1
-0.18131455261319301,0.6312149851024584,1.0023166259233498,0.6312149851024584,1.103473193004881,-0.18131455261319301,1.103473193004881,1
-0.4811736195215003,0.7021213250750936,0.12360925847365278,0.7021213250750936,0.5880793426652734,-0.4811736195215003,0.5880793426652734,1
-1.2565510010513663,1.6247333699132114,-0.22150538104857043,1.6247333699132114,1.0334916592231953,-1.2565510010513663,1.0334916592231953,0
-0.6574523269481038,1.0822348537540512,0.48923478236365503,1.0822348537540512,1.0991067972906512,-0.6574523269481038,1.0991067972906512,1
-0.917164366062353,1.142282691213438,-0.2753841610852995,1.142282691213438,0.6494336751716955,-0.917164366062353,0.6494336751716955,0
0.1224280448940321,0.4390437054431323,1.5786938518341407,0.4390437054431323,1.3360765257332468,0.1224280448940321,1.3360765257332468,1
-0.5290436293411488,1.2756222049158001,1.448782456672701,1.2756222049158001,1.8579957905988826,-0.5290436293411488,1.8579957905988826,1
-0.8529571661881137,1.2500782945125621,0.23333945203686923,1.2500782945125621,1.0555877691983815,-0.8529571661881137,1.0555877691983815,0
-0.48639163546154557,1.1408867858584206,1.2488425408940078,1.1408867858584206,1.6314899711845594,-0.48639163546154557,1.6314899711845594,1
-0.6968382517968152,1.2078680411259277,0.6770317895309466,1.2078680411259277,1.3111906332963383,-0.6968382517968152,1.3111906332963383,0
-1.5816911110454077,0.9136250576317939,-3.2283761227647316,0.9136250576317939,-1.4206860989260295,-1.5816911110454077,-1.4206860989260295,0
-0.3701378152297703,0.9394199459759006,1.1360032956962511,0.9394199459759006,1.4128452169313188,-0.3701378152297703,1.4128452169313188,1
0.2338638285461191,0.2857286242737045,1.574284341723998,0.2857286242737045,1.222228003653635,0.2338638285461191,1.222228003653635,1
0.6597124421334165,-0.3888460454686262,1.3262547929764028,-0.3888460454686262,0.5738469866554434,0.6597124421334165,0.5738469866554434,1
-1.800064779265672,2.514916007456646,0.17121967476531685,2.514916007456646,1.93130206724432,-1.800064779265672,1.93130206724432,1
0.6182439607049902,-0.1920559601537044,1.6921517937114587,-0.1920559601537044,0.9523180504171027,0.6182439607049902,0.9523180504171027,1
-0.25102623407595864,0.4768309400942107,0.3526264892740396,0.4768309400942107,0.5726697898465436,-0.25102623407595864,0.5726697898465436,0
-2.2252370406501965,3.0224966610775246,-0.013659234475544846,3.0224966610775246,2.1795654525964454,-2.2252370406501965,2.1795654525964454,1
-0.8709457070725188,1.0387048460275745,-0.381454620874459,1.0387048460275745,0.506028991856419,-0.8709457070725188,0.506028991856419,0
-1.3179281725707912,1.7164779927443048,-0.20004510610413362,1.7164779927443048,1.1137584666138467,-1.3179281725707912,1.1137584666138467,0
-0.8316726298226336,1.410262362027093,0.7263871684574694,1.410262362027093,1.4895622847174723,-0.8316726298226336,1.4895622847174723,1
-0.34680493095572656,0.39873932970342596,-0.19064484478415578,0.39873932970342596,0.16574031000867698,-0.34680493095572656,0.16574031000867698,0
-0.15364121569073683,0.6315892126453,1.1014439716584272,0.6315892126453,1.1676774292336807,-0.15364121569073683,1.1676774292336807,0
-0.45282968259224365,0.24698619434102953,-0.9622721836616139,0.24698619434102953,-0.44180299376802284,-0.45282968259224365,-0.44180299376802284,0
-1.538136809669726,2.1861278772710797,0.2431662563184206,2.1861278772710797,1.739652686132918,-1.538136809669726,1.739652686132918,1
-1.2205707193702275,0.4985049482611289,-3.02965735290124,0.4985049482611289,-1.5930792000549696,-1.2205707193702275,-1.5930792000549696,0
-1.331609849147899,0.9730566921234309,-2.186465603681931,0.9730566921234309,-0.7056640912430358,-1.331609849147899,-0.7056640912430358,0
-1.9157788423612832,1.4065169106931759,-3.1284859202945277,1.4065169106931759,-0.9993928233329263,-1.9157788423612832,-0.9993928233329263,0
-0.9315222400770544,1.2019589636769605,-0.17074910836067414,1.2019589636769605,0.7601265664884761,-0.9315222400770544,0.7601265664884761,0
0.37672592044492703,-0.06292478310005745,1.172144569845152,-0.06292478310005745,0.7104283175370716,0.37672592044492703,0.7104283175370716,1
0.4590277306613546,-0.10326476282883634,1.3588975662651577,-0.10326476282883634,0.8016694268761261,0.4590277306613546,0.8016694268761261,1
-0.9082073516572309,0.7514189005148482,-1.2624895142743986,0.7514189005148482,-0.27020761181186514,-0.9082073516572309,-0.27020761181186514,0
-0.41759503388360275,0.8594149702813901,0.759131045864883,0.8594149702813901,1.1118513461332162,-0.41759503388360275,1.1118513461332162,1
-1.5025103743699721,1.293751836480772,-1.9566520752027023,1.293751836480772,-0.3252507255497361,-1.5025103743699721,-0.3252507255497361,0
-0.4528583741439034,0.9810883770950293,0.9512279870979238,0.9810883770950293,1.3238414766437232,-0.4528583741439034,1.3238414766437232,1
-0.13754058855341017,0.8316605705059851,1.6800805556514373,0.8316605705059851,1.685732990791768,-0.13754058855341017,1.685732990791768,1
0.3490127247758462,-0.13583857048494585,0.8837852260592629,-0.13583857048494585,0.4716560561291028,0.3490127247758462,0.4716560561291028,1
-0.8704494497670802,0.6347400715069622,-1.4327192532453983,0.6347400715069622,-0.4644780279041928,-0.8704494497670802,-0.4644780279041928,0
0.30970786144329115,0.09681732661971654,1.3508484310619475,0.09681732661971654,0.9413432756094102,0.30970786144329115,0.9413432756094102,1
-0.17448163178601075,0.6403659949670735,1.0504057999356358,0.6403659949670735,1.141114437082087,-0.17448163178601075,1.141114437082087,1
-0.43055265856934627,0.48594993307379697,-0.260347433963085,0.48594993307379697,0.18392785237390194,-0.43055265856934627,0.18392785237390194,0
-0.39945170146433695,1.179640745991799,1.6582221305825036,1.179640745991799,1.9235828824582561,-0.39945170146433695,1.9235828824582561,1
-1.1472391791567436,0.7128776859210082,-2.2107543175807165,0.7128776859210082,-0.9097065039962549,-1.1472391791567436,-0.9097065039962549,0
-0.49177471036898407,0.5262160555058812,-0.3725272335338373,0.5262160555058812,0.1407300813167243,-0.49177471036898407,0.1407300813167243,0
-1.9229259399267462,1.3643538999165106,-3.263742598958397,1.3643538999165106,-1.1171553643093375,-1.9229259399267462,-1.1171553643093375,0
-0.8036819260916019,1.158088758397416,0.1683176050683457,1.158088758397416,0.9470481168980215,-0.8036819260916019,0.9470481168980215,0
-0.7930424494810387,0.9722120066731318,-0.27847571067452903,0.9722120066731318,0.5243036442363999,-0.7930424494810387,0.5243036442363999,0
0.8875170426117236,-0.507682581754664,1.8244584550049543,-0.507682581754664,0.80912788780946,0.8875170426117236,0.80912788780946,1
-1.759900875047229,1.5880649453717304,-2.1023720271208237,1.5880649453717304,-0.20614321452197926,-1.759900875047229,-0.20614321452197926,0
-1.6152748062212832,1.3379754218567874,-2.2413264601787306,1.3379754218567874,-0.47683548106013096,-1.6152748062212832,-0.47683548106013096,0
-2.000529593933443,2.7708118317200325,0.1272605753081778,2.7708118317200325,2.0882261455775977,-2.000529593933443,2.0882261455775977,1
-0.489063477131532,0.8749666256688029,0.5461855283101391,0.8749666256688029,0.9857696140314002,-0.489063477131532,0.9857696140314002,1
0.8144523298358627,-0.41739168105173974,1.8006758863798413,-0.41739168105173974,0.8591622828834571,0.8144523298358627,0.8591622828834571,1
-1.34578783128589,2.034582263506903,0.5303523143078699,2.034582263506903,1.8151531160146033,-1.34578783128589,1.8151531160146033,1
-1.4664911291684777,1.442124872704074,-1.4421313700455365,1.442124872704074,0.1140215042347187,-1.4664911291684777,0.1140215042347187,0
0.5899591615855029,-0.48639975950795833,0.8245581123454109,-0.48639975950795833,0.17964041540526232,0.5899591615855029,0.17964041540526232,1
-1.3950043986289113,1.0931155445505574,-2.0983531804325937,1.0931155445505574,-0.5619089168104616,-1.3950043986289113,-0.5619089168104616,0
-0.5360744361059688,1.3307057369950441,1.5674331562291188,1.3307057369950441,1.9744029522308424,-0.5360744361059688,1.9744029522308424,1
0.016966907371368432,0.33429862969849833,0.9316025876130016,0.33429862969849833,0.8428893457828379,0.016966907371368432,0.8428893457828379,1
-1.933707643315063,2.850038844265534,0.5707877535228365,2.850038844265534,2.431646586270572,-1.933707643315063,2.431646586270572,1
-0.5908228230591269,0.9402386881686404,0.3554115754657414,0.9402386881686404,0.9099866941768574,-0.5908228230591269,0.9099866941768574,0
-0.6248878070634194,1.18750771089583,0.8791519816205489,1.18750771089583,1.426808831415922,-0.6248878070634194,1.426808831415922,1
-1.538903417524001,1.8822887955937975,-0.5515774405192346,1.8822887955937975,1.0070855998356119,-1.538903417524001,1.0070855998356119,1
0.47883395767867964,-0.2451542699091782,1.0592795118562963,-0.2451542699091782,0.5056953158633105,0.47883395767867964,0.5056953158633105,1
0.1446398997352209,0.1617927123437718,0.9347580192162459,0.1617927123437718,0.7200251957864153,0.1446398997352209,0.7200251957864153,1
-1.476856470410529,1.7552091688358695,-0.6627707645388462,1.7552091688358695,0.843360897654828,-1.476856470410529,0.843360897654828,0
-0.9981888989659015,1.0632432224119046,-0.768796207114367,1.0632432224119046,0.2739752210022411,-0.9981888989659015,0.2739752210022411,0
-1.2602377219567789,1.2912346829324588,-1.1039205510144354,1.2912346829324588,0.22290546747111717,-1.2602377219567789,0.22290546747111717,0
-1.0289531340669302,0.8466252727981167,-1.4425741017406468,0.8466252727981167,-0.31742299920545536,-1.0289531340669302,-0.31742299920545536,0
-2.851642964630041,3.7194447024544446,-0.4186454805330251,3.7194447024544446,2.4229756355508534,-2.851642964630041,2.4229756355508534,1
-1.1274394054232755,0.9846030443117204,-1.4322153761643603,0.9846030443117204,-0.21084212084145137,-1.1274394054232755,-0.21084212084145137,0
-1.2885022369942907,1.7511467418183724,-0.005305280907232701,1.7511467418183724,1.26445926229113,-1.2885022369942907,1.26445926229113,1
-0.33524794853437606,0.47126599397322455,0.0394024916023179,0.47126599397322455,0.3666233050428468,-0.33524794853437606,0.3666233050428468,0
-0.8095123189432069,0.7384810483132409,-0.9461632195573874,0.7384810483132409,-0.07555682791941282,-0.8095123189432069,-0.07555682791941282,0
-0.7778190354246616,0.41942918348283853,-1.6654336494966153,0.41942918348283853,-0.7704610865534612,-0.7778190354246616,-0.7704610865534612,0
-0.4025952045416824,1.1813475379363447,1.6515218844906805,1.1813475379363447,1.9204972509901996,-0.4025952045416824,1.9204972509901996,1
-0.8857686372227161,1.4145265781118666,0.5456349941359535,1.4145265781118666,1.3760715745672505,-0.8857686372227161,1.3760715745672505,1
-1.0311831624789776,1.5633829292245998,0.41790596702928884,1.5633829292245998,1.4014676270217348,-1.0311831624789776,1.4014676270217348,1
-1.3290763461072264,2.0455893770112232,0.6183171472025611,2.0455893770112232,1.8798564827915332,-1.3290763461072264,1.8798564827915332,1
-0.5937748487455178,0.7229638355640651,-0.22143429316556962,0.7229638355640651,0.38063024593109046,-0.5937748487455178,0.38063024593109046,0
-1.4510705296703719,1.4109885798947668,-1.4686012902660637,1.4109885798947668,0.07440585680807395,-1.4510705296703719,0.07440585680807395,0
-1.0908618196645048,1.6465301169638673,0.4229793932409681,1.6465301169638673,1.464940761954045,-1.0908618196645048,1.464940761954045,1
0.5431466735310954,-0.1573903054610939,1.5161604112237987,-0.1573903054610939,0.8639093880506545,0.5431466735310954,0.8639093880506545,1
-1.0407964110120482,1.1036030975942521,-0.814709538351494,1.1036030975942521,0.27358462576833187,-1.0407964110120482,0.27358462576833187,0
-0.5093540691754757,0.7188399364755044,0.0672396015815746,0.7188399364755044,0.5638278641132813,-0.5093540691754757,0.5638278641132813,0
-0.6805010439660494,0.7938047676236577,-0.3443721347917531,0.7938047676236577,0.3526310036984105,-0.6805010439660494,0.3526310036984105,0
-0.8111047063188399,0.6130943375948028,-1.2786596764839322,0.6130943375948028,-0.3807877279208181,-0.8111047063188399,-0.3807877279208181,1
-0.9930266718366935,1.3930765336659365,0.10929766714333611,1.3930765336659365,1.079120506811035,-0.9930266718366935,1.079120506811035,0
-0.06311171093306006,1.004644684578095,2.394986901908966,1.004644684578095,2.272065302759993,-0.06311171093306006,2.272065302759993,1
-0.18324932769383728,0.22930207552381465,-0.05222175016118702,0.22930207552381465,0.1323403454576784,-0.18324932769383728,0.1323403454576784,0
-1.3522751438730658,1.2318213918577832,-1.585233097562793,1.2318213918577832,-0.13053935873631337,-1.3522751438730658,-0.13053935873631337,0
-1.9402307161028947,1.8249219622934314,-2.124545288521265,1.8249219622934314,-0.048952765482937165,-1.9402307161028947,-0.048952765482937165,0
-0.7265692224515722,1.5090225816987894,1.3566087655460797,1.5090225816987894,1.967535975991996,-0.7265692224515722,1.967535975991996,1
-0.6395435485336839,0.4165433100007385,-1.1825205973149184,0.4165433100007385,-0.4610903960346284,-0.6395435485336839,-0.4610903960346284,0
-1.8790991241850608,1.754696834204866,-2.0907811976285275,1.754696834204866,-0.07802126613457476,-1.8790991241850608,-0.07802126613457476,0
-1.3632906344250908,1.331855083907143,-1.3635426107998692,1.331855083907143,0.0848696779851896,-1.3632906344250908,0.0848696779851896,0
-1.3590403325171012,1.857922025412133,0.02284380077632009,1.857922025412133,1.3599227237647487,-1.3590403325171012,1.3599227237647487,0
-0.9398847225818919,1.0647277220628708,-0.558133175496343,1.0647277220628708,0.4109195080936051,-0.9398847225818919,0.4109195080936051,0
0.9853813333902257,-0.6143822589995565,1.8934270533148734,-0.6143822589995565,0.7763562958886377,0.9853813333902257,0.7763562958886377,1
0.9794401704971293,-0.6875428855144035,1.681645350301673,-0.6875428855144035,0.5867949173173281,0.9794401704971293,0.5867949173173281,1
-0.9732661677850502,1.5681023395519014,0.6356282619648161,1.5681023395519014,1.5453070335674257,-0.9732661677850502,1.5453070335674257,1
0.33381426905718914,0.14657297220393883,1.5660483239927743,0.14657297220393883,1.1161633696948092,0.33381426905718914,1.1161633696948092,1
-1.1020826191961262,1.148916677642796,-0.91395955791521,1.148916677642796,0.24238056571146016,-1.1020826191961262,0.24238056571146016,0
-1.2294288259602317,2.1699538336591386,1.295930978808876,2.1699538336591386,2.4069345322502422,-1.2294288259602317,2.4069345322502422,1
-0.8319164667412117,1.0110612451671155,-0.3150848895840339,1.0110612451671155,0.5288201208587135,-0.8319164667412117,0.5288201208587135,0
-1.252055635271076,1.8107440276358777,0.2793172750391012,1.8107440276358777,1.4911799079605377,-1.252055635271076,1.4911799079605377,1
-1.3564779547750452,1.628593086389798,-0.5658652514615152,1.628593086389798,0.8141874755395326,-1.3564779547750452,0.8141874755395326,0
1.0534811308072172,-0.8608909511120817,1.4923833525893728,-0.8608909511120817,0.3392192654830646,1.0534811308072172,0.3392192654830646,1
-1.5399970144652946,1.3230844458918665,-2.0131477299093716,1.3230844458918665,-0.34045056787580924,-1.5399970144652946,-0.34045056787580924,0
-0.923864328956198,1.210510429602074,-0.12129670309662532,1.210510429602074,0.7982129545528305,-0.923864328956198,0.7982129545528305,0
-1.169707248724582,1.3123052248182052,-0.7279018252548775,1.3123052248182052,0.4806786113350942,-1.169707248724582,0.4806786113350942,0
-0.8241750114552912,0.31081597148018336,-2.112973792400231,0.31081597148018336,-1.1377461930407977,-0.8241750114552912,-1.1377461930407977,0
-0.25336886402746783,0.724024694059132,0.9886835890004271,0.724024694059132,1.1618773316186224,-0.25336886402746783,1.1618773316186224,0
-1.0639141158713816,0.774121931331131,-1.7555699862166076,0.774121931331131,-0.5717876969359537,-1.0639141158713816,-0.5717876969359537,0
-0.8849255958552819,1.220067001296339,0.0417226074933601,1.220067001296339,0.9102733075859185,-0.8849255958552819,0.9102733075859185,1
0.6903153116989805,-0.37664013981987243,1.4666145317853105,-0.37664013981987243,0.6732109912489841,0.6903153116989805,0.6732109912489841,1
-0.26554562149704797,0.6939983713676017,0.8672247028532409,0.6939983713676017,1.0618011441648798,-0.26554562149704797,1.0618011441648798,1
-1.0425398343828054,0.8153977684009934,-1.5721649249713638,0.8153977684009934,-0.4236136603140015,-1.0425398343828054,-0.4236136603140015,0
-0.9730401988298156,0.7467743072732969,-1.5045459388535911,0.7467743072732969,-0.4296874163065118,-0.9730401988298156,-0.4296874163065118,0
-0.47631768120604556,0.9902806848922504,0.8919842888258835,0.9902806848922504,1.2922870913188234,-0.47631768120604556,1.2922870913188234,1
-1.445347658977902,2.004928800752446,0.09993495138996056,2.004928800752446,1.5160806824977475,-1.445347658977902,1.5160806824977475,1
-1.0764940048674376,1.6407251298269538,0.45880718230230455,1.6407251298269538,1.4838453143486525,-1.0764940048674376,1.4838453143486525,1
-1.6316249106081144,2.394242095320741,0.4540788744452324,2.394242095320741,2.0263638478768238,-1.6316249106081144,2.0263638478768238,1
-0.5734219357537559,1.0729399012110734,0.7630445367240093,1.0729399012110734,1.2689736302548877,-0.5734219357537559,1.2689736302548877,0
-0.4212811347294456,1.0697085458198141,1.2942345322351616,1.0697085458198141,1.6092309336556168,-0.4212811347294456,1.6092309336556168,1
-1.4255804426678529,1.8651128423946743,-0.19441629660052473,1.8651128423946743,1.2250047662241703,-1.4255804426678529,1.2250047662241703,1
-1.9247564330689648,1.9316995991099355,-1.7913212243337953,1.9316995991099355,0.24327390440932012,-1.9247564330689648,0.24327390440932012,0
-0.37883991175020526,0.6933345964470383,0.4636620463040626,0.6933345964470383,0.8010383260049351,-0.37883991175020526,0.8010383260049351,1
0.42254819752091255,-0.10858011311881044,1.2156562447369579,-0.10858011311881044,0.7054358751051918,0.42254819752091255,0.7054358751051918,1
-1.8500915584227016,2.4207431824624557,-0.2516979723658408,2.4207431824624557,1.5903527718399288,-1.8500915584227016,1.5903527718399288,1
-1.3475992238781485,1.0787351022763898,-1.9677022742999783,1.0787351022763898,-0.48805601784195823,-1.3475992238781485,-0.48805601784195823,0
-0.8075686763688381,1.1275547714486442,0.0749383896023833,1.1275547714486442,0.8647146618736682,-0.8075686763688381,0.8647146618736682,1
-0.17677919585481608,0.7122269208770063,1.2295784113283845,0.7122269208770063,1.3087031982794661,-0.17677919585481608,1.3087031982794661,1
-0.3796526191485112,0.6424075774045324,0.3280268407502651,0.6424075774045324,0.6766862540689115,-0.3796526191485112,0.6766862540689115,0
-1.1678258767056597,2.117354242418585,1.3773117943473685,2.117354242418585,2.421338367196595,-1.1678258767056597,2.421338367196595,1
-0.49367725648228045,0.5436340896166693,-0.33387117602921457,0.5436340896166693,0.17827289694231793,-0.49367725648228045,0.17827289694231793,0
-1.046809135442207,1.086756884828196,-0.8799489101301837,1.086756884828196,0.2193106210181285,-1.046809135442207,0.2193106210181285,0
-0.18617114003256585,0.6206209369667977,0.9574755117512013,0.6206209369667977,1.0668820197584215,-0.18617114003256585,1.0668820197584215,0
-0.30046603683609124,0.780842481508058,0.9697475598398845,0.780842481508058,1.1908020527196432,-0.30046603683609124,1.1908020527196432,0
-0.8677315563305438,0.4514576654756258,-1.9008461097227942,0.4514576654756258,-0.8991034236208469,-0.8677315563305438,-0.8991034236208469,0
-2.27449200562271,1.8639000700551027,-3.208498612695953,1.8639000700551027,-0.7198392443467067,-2.27449200562271,-0.7198392443467067,0
-0.8347630936314447,0.9481205081999589,-0.48925045359034924,0.9481205081999589,0.37091918575176264,-0.8347630936314447,0.37091918575176264,0
-0.9581968460374422,0.8807908191665881,-1.1025554239280735,0.8807908191665881,-0.07338732431075078,-0.9581968460374422,-0.07338732431075078,0
-1.7221215870525715,1.592449897532027,-1.9569460242307282,1.592449897532027,-0.10917426339159875,-1.7221215870525715,-0.10917426339159875,0
-1.5764675738546592,1.0584167481282871,-2.832417266968794,1.0584167481282871,-1.0604746511949166,-1.5764675738546592,-1.0604746511949166,0
-0.2328414074548334,0.7155926992198158,1.0395105212428195,0.7155926992198158,1.1885537186407258,-0.2328414074548334,1.1885537186407258,0
0.5782967097242047,-0.2787199175365991,1.3245577810034206,-0.2787199175365991,0.6524869862763631,0.5782967097242047,0.6524869862763631,1
-1.7107087898544249,2.0596883741552503,-0.6985052461381092,2.0596883741552503,1.0407653098731544,-1.7107087898544249,1.0407653098731544,1
-0.8869369598737914,1.1840147540459238,-0.05938956758706815,1.1840147540459238,0.8189570139192058,-0.8869369598737914,0.8189570139192058,0
-0.4373323988317992,0.6099385246728204,0.03881023567664976,0.6099385246728204,0.4666442518066934,-0.4373323988317992,0.4666442518066934,0
-0.8151124717346707,1.0740148293509435,-0.09138181981905913,1.0740148293509435,0.7186801232788341,-0.8151124717346707,0.7186801232788341,0
1.4190066715577097,-0.9349205881909481,2.5958551052388246,-0.9349205881909481,0.9973160495011754,1.4190066715577097,0.9973160495011754,1
-1.6338849946821177,1.4806460011934428,-1.9354302542528252,1.4806460011934428,-0.17624668743074512,-1.6338849946821177,-0.17624668743074512,0
0.14009321625786544,0.39228272145619913,1.5194557220650946,0.39228272145619913,1.2640139279629359,0.14009321625786544,1.2640139279629359,1
-1.2489701538265758,1.543786698679844,-0.40562326721664244,1.543786698679844,0.8561350452534221,-1.2489701538265758,0.8561350452534221,0
-1.6675020567110284,1.3796371897711754,-2.3179654205305296,1.3796371897711754,-0.49610030463715127,-1.6675020567110284,-0.49610030463715127,0
-1.1318382723473388,1.016632079995865,-1.3643264219261522,1.016632079995865,-0.14386643484510805,-1.1318382723473388,-0.14386643484510805,0
-0.849035067241621,0.9148027160829235,-0.6267206088987791,0.9148027160829235,0.25813323289080065,-0.849035067241621,0.25813323289080065,0
-0.6227874773295198,1.2136953616845536,0.9548654180091742,1.2136953616845536,1.4946016723829505,-0.6227874773295198,1.4946016723829505,1
-0.836292038791592,1.3331163300645728,0.5089046115999826,1.3331163300645728,1.2934385280447858,-0.836292038791592,1.2934385280447858,1
-0.5263512304567951,0.9000962364688381,0.47943922728934174,0.9000962364688381,0.9609154105709837,-0.5263512304567951,0.9609154105709837,1
-0.7779845249846798,0.9480766563922359,-0.2879824408016587,0.9480766563922359,0.5006974801841529,-0.7779845249846798,0.5006974801841529,0
-0.5345301579644313,0.7406669744916949,0.034842076182171056,0.7406669744916949,0.5587361273449171,-0.5345301579644313,0.5587361273449171,0
-1.3941009544232166,2.192579729611662,0.7708510686185543,2.192579729611662,2.0846602054861467,-1.3941009544232166,2.0846602054861467,1
-0.26377618451977614,0.8042678401312268,1.1609426389782889,0.8042678401312268,1.3310760846370149,-0.26377618451977614,1.3310760846370149,1
1.705908708525136,-1.4348946450337894,2.3101452509637066,-1.4348946450337894,0.4510486011407052,1.705908708525136,0.4510486011407052,1
-1.324611151114278,0.8073151730447578,-2.593685040523045,0.8073151730447578,-1.0883064587145024,-1.324611151114278,-1.0883064587145024,0
-1.046797977321541,1.2953433708674151,-0.33618189099601326,1.2953433708674151,0.7210418681555627,-1.046797977321541,0.7210418681555627,0
0.8853376461554624,-0.6072976901249831,1.557059453115889,-0.6072976901249831,0.5645417023541327,0.8853376461554624,0.5645417023541327,1
-0.8938544906229385,0.9138355307953822,-0.7882074001088621,0.9138355307953822,0.15328025983067478,-0.8938544906229385,0.15328025983067478,0
-0.39816755160068656,0.6548887871456475,0.29489311895334736,0.6548887871456475,0.6643530488732948,-0.39816755160068656,0.6643530488732948,1
-0.8589981305774537,1.0026729093791433,-0.433004258227769,1.0026729093791433,0.4466933138566109,-0.8589981305774537,0.4466933138566109,0
-0.8881167841952479,1.153579220566365,-0.14291121249808691,1.153579220566365,0.7430525918754702,-0.8881167841952479,0.7430525918754702,1
-0.7425926635136764,1.1843974626332077,0.4535686402023601,1.1843974626332077,1.1500722099589926,-0.7425926635136764,1.1500722099589926,1
-1.615733434474337,1.7172506888728654,-1.2542871020207829,1.7172506888728654,0.43437281489128704,-1.615733434474337,0.43437281489128704,0
-1.4029262076337643,1.1475585683715617,-1.984532317498054,1.1475585683715617,-0.4490805585816683,-1.4029262076337643,-0.4490805585816683,0
-0.3287118838582328,0.3716098568213352,-0.1971914488657558,0.3716098568213352,0.14187548070094771,-0.3287118838582328,0.14187548070094771,0
-0.43593076201799563,1.105047480504671,1.3343940663117495,1.105047480504671,1.6607186843122486,-0.43593076201799563,1.6607186843122486,0
0.0456753828393676,0.3014135220557441,0.9477034501653694,0.3014135220557441,0.8294640058090694,0.0456753828393676,0.8294640058090694,0
-1.57079163874383,1.3767258037131396,-1.982541928661888,1.3767258037131396,-0.28187311904213236,-1.57079163874383,-0.28187311904213236,0
1.1946713430890363,-0.7972458228920609,2.159062330666167,-0.7972458228920609,0.8152822069933243,1.1946713430890363,0.8152822069933243,1
-2.2271514109197907,2.06405179819574,-2.5188505562722177,2.06405179819574,-0.13012740797936403,-2.2271514109197907,-0.13012740797936403,0
-0.3581002508773915,0.8772508852948242,1.016640553373165,0.8772508852948242,1.290848687457065,-0.3581002508773915,1.290848687457065,1
-0.04941816096673572,0.7978768312565337,1.9045684383058028,0.7978768312565337,1.8060585428994491,-0.04941816096673572,1.8060585428994491,1
1.9565112500617954,-1.6561328586242041,2.6222757569176944,-1.6561328586242041,0.4921777694120378,1.9565112500617954,0.4921777694120378,1
-0.3552817233124856,1.0027894779441306,1.353881800682903,1.0027894779441306,1.599249759729808,-0.3552817233124856,1.599249759729808,1
-0.15159565460397453,0.4421690619534958,0.6149330780623132,0.4421690619534958,0.7167511393020265,-0.15159565460397453,0.7167511393020265,1
-1.134642725420392,0.8391495961021891,-1.8369211487864407,0.8391495961021891,-0.5771741216606299,-1.134642725420392,-0.5771741216606299,0
-1.1255743663020294,1.6288508822589345,0.25377598553917313,1.6288508822589345,1.3430108633876212,-1.1255743663020294,1.3430108633876212,1
-1.899275551220862,2.8742515733657372,0.7560274626110529,2.8742515733657372,2.5686497150382728,-1.899275551220862,2.5686497150382728,1
0.8207179294875397,-0.2886669770909569,2.158448528237743,-0.2886669770909569,1.1831121434021568,0.8207179294875397,1.1831121434021568,1
-0.9352996775084786,1.1086340364767517,-0.4274192771013644,1.1086340364767517,0.5270143347141999,-0.9352996775084786,0.5270143347141999,0
-0.4406028980120095,0.982482786199835,0.9983305703407113,0.982482786199835,1.355230404409565,-0.4406028980120095,1.355230404409565,1
-0.43278565872898317,0.9399151105906213,0.9150945770534916,0.9399151105906213,1.2707261942552712,-0.43278565872898317,1.2707261942552712,1
-0.9079112715545916,0.8336679934278307,-1.0470386749439833,0.8336679934278307,-0.07169947002975582,-0.9079112715545916,-0.07169947002975582,0
-0.5691783065784765,0.3939796282429441,-0.9917663348687753,0.3939796282429441,-0.3543980710354746,-0.5691783065784765,-0.3543980710354746,0
0.37353249908351893,-0.20694499116414566,0.7853971742081729,-0.20694499116414566,0.35671647916057064,0.37353249908351893,0.35671647916057064,1
-1.1117970823012087,1.7290415880172567,0.5638108180408613,1.7290415880172567,1.615512251397735,-1.1117970823012087,1.615512251397735,1
-1.8201232114761108,1.5467059359441495,-2.4237802420818735,1.5467059359441495,-0.4433841399271541,-1.8201232114761108,-0.4433841399271541,0
0.26568414746193114,-0.41998121577677994,-0.1524462246962457,-0.41998121577677994,-0.4024004537152666,0.26568414746193114,-0.4024004537152666,0
-1.0150336798802073,0.5922689404006244,-2.05624136850491,0.5922689404006244,-0.8973758833169326,-1.0150336798802073,-0.8973758833169326,0
-0.5652235442495841,1.1289938857218518,0.9382398840537287,1.1289938857218518,1.422552527324873,-0.5652235442495841,1.422552527324873,1
-1.1845032059021683,0.9487494866219874,-1.7280696961846438,0.9487494866219874,-0.4276156708384152,-1.1845032059021683,-0.4276156708384152,0
-0.6214317917194218,0.5435692266461438,-0.7871602554215555,0.5435692266461438,-0.1141279013505543,-0.6214317917194218,-0.1141279013505543,0
-1.7793141647639787,1.6761907046341695,-1.9415075652110279,1.6761907046341695,-0.03858628760261351,-1.7793141647639787,-0.03858628760261351,0
-1.8477269774913019,2.694103772977291,0.4692643971936936,2.694103772977291,2.253266459727308,-1.8477269774913019,2.253266459727308,1
-0.7939468024502078,1.0344482624581934,-0.11945051646932114,1.0344482624581934,0.6719295645883494,-0.7939468024502078,0.6719295645883494,0
-1.2244696217460256,1.5714357587370418,-0.24665126470953613,1.5714357587370418,0.9786845275184336,-1.2244696217460256,0.9786845275184336,0
-2.643872223292364,3.4785131443636708,-0.3097659931788357,3.4785131443636708,2.318757245920516,-2.643872223292364,2.318757245920516,1
-1.373088461386461,1.2673665334294235,-1.5663974258128914,1.2673665334294235,-0.0926553706049044,-1.373088461386461,-0.0926553706049044,0
-1.4846732336128166,1.444684347135604,-1.4999478445652978,1.444684347135604,0.07858525927619056,-1.4846732336128166,0.07858525927619056,0
-1.2498448886547453,1.5512059437299404,-0.38938585246180035,1.5512059437299404,0.8719792948889635,-1.2498448886547453,0.8719792948889635,1
-0.4897195058915347,1.0393460434899398,0.9723505328248765,1.0393460434899398,1.3796449354232931,-0.4897195058915347,1.3796449354232931,1
0.2288272329453305,-0.010776901724349752,0.7835124023469483,-0.010776901724349752,0.4975322532502254,0.2288272329453305,0.4975322532502254,1
-1.2055396425547362,0.9660099069016311,-1.757688609476106,0.9660099069016311,-0.4342216743206649,-1.2055396425547362,-0.4342216743206649,0
-1.8739709015989239,2.52815660575316,-0.05639609552596969,2.52815660575316,1.794085320127698,-1.8739709015989239,1.794085320127698,1
-0.6207471871460625,1.2092661188430673,0.9505561080919755,1.2092661188430673,1.488615434892763,-0.6207471871460625,1.488615434892763,1
-0.32089559239548887,0.5464513864825179,0.28629503544679036,0.5464513864825179,0.5802958003224515,-0.32089559239548887,0.5802958003224515,1
-1.5498585589054912,1.7201503694195153,-1.0130833155507017,1.7201503694195153,0.5920393336182177,-1.5498585589054912,0.5920393336182177,0
-0.9681201951018702,1.2426885742096752,-0.1943839346010484,1.2426885742096752,0.7743724400540164,-0.9681201951018702,0.7743724400540164,0
-1.3735037607612375,1.953226162402046,0.21997649067262903,1.953226162402046,1.5560686012834724,-1.3735037607612375,1.5560686012834724,1
-0.9170881412250443,0.9100167021167311,-0.8805671841502664,0.9100167021167311,0.09094684682705566,-0.9170881412250443,0.09094684682705566,0
-0.12445282669682368,0.5584953275188229,1.0144337984989729,0.5584953275188229,1.0586371599061999,-0.12445282669682368,1.0586371599061999,1
-0.19662455482666913,0.9695159245735657,1.8298723343588987,0.9695159245735657,1.8821541345050876,-0.19662455482666913,1.8821541345050876,1
-1.0356044293303448,0.8164383328614319,-1.5448539541439152,0.8164383328614319,-0.40524574697349325,-1.0356044293303448,-0.40524574697349325,0
-1.8277945252865544,1.326669051243213,-3.0245643456749036,1.326669051243213,-0.9901796104174238,-1.8277945252865544,-0.9901796104174238,0
-1.3429751742992808,1.347849970242438,-1.2497934453240476,1.347849970242438,0.16981422896771436,-1.3429751742992808,0.16981422896771436,0
-1.9586571042179208,1.4045504373193065,-3.2856926650077907,1.4045504373193065,-1.1022088462981272,-1.9586571042179208,-1.1022088462981272,0
-0.75140043352447,0.8255143270135902,-0.5131801321860758,0.8255143270135902,0.2667150468582714,-0.75140043352447,0.2667150468582714,0
0.03960076674726938,0.5775898805525426,1.6460735921641776,0.5775898805525426,1.4798452827177515,0.03960076674726938,1.4798452827177515,1
-0.1794372837126654,0.7812002150863216,1.3999450568725458,0.7812002150863216,1.4685217248262643,-0.1794372837126654,1.4685217248262643,1
-0.53181793621229,0.9155717046267102,0.500390183703247,0.9155717046267102,0.9856326502232511,-0.53181793621229,0.9856326502232511,0
-1.0368766493746584,0.6575071468070448,-1.9636560370868592,0.6575071468070448,-0.7904275925637688,-1.0368766493746584,-0.7904275925637688,0
-1.2726133572273355,1.1911352251797125,-1.408746155066976,1.1911352251797125,-0.04617010448723993,-1.2726133572273355,-0.04617010448723993,0
-1.3025694110495973,1.3378306751666948,-1.1325997556296248,1.3378306751666948,0.23814534334264648,-1.3025694110495973,0.23814534334264648,0
0.27681725151724074,0.2286549832346867,1.5778563722737071,0.2286549832346867,1.183208855279307,0.27681725151724074,1.183208855279307,1
-0.700165032361357,0.6782719036831968,-0.7152787154982303,0.6782719036831968,0.02976153744481517,-0.700165032361357,0.02976153744481517,0
-0.9004423512364342,1.1118381827686723,-0.29543492818913064,1.1118381827686723,0.6144590038924532,-0.9004423512364342,0.6144590038924532,0
-1.6700679551267872,2.572921478717435,0.783496894688276,2.572921478717435,2.368194714501699,-1.6700679551267872,2.368194714501699,1
0.19928823375290414,0.2549076699040367,1.371309836213122,0.2549076699040367,1.0690020740939623,0.19928823375290414,1.0690020740939623,1
-0.9985932625850548,1.885360399574863,1.3728023462882808,1.885360399574863,2.2504596866780333,-0.9985932625850548,2.2504596866780333,1
-0.11457802873389024,0.6585274762038817,1.3102139724244974,0.6585274762038817,1.321830047338624,-0.11457802873389024,1.321830047338624,1
-1.1026938183764603,1.7510428711655877,0.6534495672553684,1.7510428711655877,1.6892553263946344,-1.1026938183764603,1.6892553263946344,1
-0.709580270706284,0.5602891869321127,-1.0562211030012225,0.5602891869321127,-0.2755559533763265,-0.709580270706284,-0.2755559533763265,0
-0.9013222316139832,1.1368999895779968,-0.23322647077468783,1.1368999895779968,0.6727265147459087,-0.9013222316139832,0.6727265147459087,0
-1.027783597099927,0.8271757894441726,-1.4891254252407988,0.8271757894441726,-0.3615287825796604,-1.027783597099927,-0.3615287825796604,0
-1.056458340746555,1.4371537213574848,-0.0007848100081159215,1.4371537213574848,1.0400347488192792,-1.056458340746555,1.0400347488192792,0
-1.5375832965755678,1.8387859280488572,-0.6602952114575503,1.8387859280488572,0.905469527593781,-1.5375832965755678,0.905469527593781,0
-1.4172988941671898,1.217308750862737,-1.853689896659184,1.217308750862737,-0.3141911309369347,-1.4172988941671898,-0.3141911309369347,0
-1.315084400794062,1.2454371582500254,-1.4178323598085156,1.2454371582500254,-0.012714180966233805,-1.315084400794062,-0.012714180966233805,0
-1.3626067159036954,2.105560180877049,0.655718921919821,2.105560180877049,1.9473997726009475,-1.3626067159036954,1.9473997726009475,1
-0.11013397097455965,0.039480569049306746,-0.2877083974310236,0.039480569049306746,-0.1569756568033638,-0.11013397097455965,-0.1569756568033638,0
-1.5446996260785446,1.324716514354223,-2.0255726082774625,1.324716514354223,-0.3472824665954031,-1.5446996260785446,-0.3472824665954031,0
-0.9248089403122282,1.058766255078947,-0.5202022660235612,1.058766255078947,0.43106719545795724,-0.9248089403122282,0.43106719545795724,0
-0.7910775929940427,0.9949867859801372,-0.2121391857493562,0.9949867859801372,0.5835777240106266,-0.7910775929940427,0.5835777240106266,0
0.9402776596783178,-0.5764768567806651,1.8322621975995617,-0.5764768567806651,0.7643519507164764,0.9402776596783178,0.7643519507164764,1
-0.7945161983797365,0.6342688220897315,-1.1646274873329612,0.6342688220897315,-0.29191045857744524,-0.7945161983797365,-0.29191045857744524,0
-0.6275675250404517,0.37243562415347087,-1.255020589775636,0.37243562415347087,-0.5397853150115507,-0.6275675250404517,-0.5397853150115507,0
-1.0644877817106726,1.1769629593236888,-0.7075092038462031,1.1769629593236888,0.39583933908159474,-1.0644877817106726,0.39583933908159474,0
-1.182091398445793,1.2714003203049231,-0.8784537532164466,1.2714003203049231,0.35396213450494746,-1.182091398445793,0.35396213450494746,0
-1.827023252795793,1.7990169279330466,-1.7905481483713412,1.7990169279330466,0.1477064113282285,-1.827023252795793,0.1477064113282285,0
-1.5027708736115404,1.3346776526801944,-1.8508936983584434,1.3346776526801944,-0.2274092072761158,-1.5027708736115404,-0.2274092072761158,0
-2.2325367751112375,2.8884773502771726,-0.3889013272497652,2.8884773502771726,1.8405150266142638,-2.2325367751112375,1.8405150266142638,1
1.2419489958343939,-0.9713375854669091,1.8729375759485793,-0.9713375854669091,0.5046953840582584,1.2419489958343939,0.5046953840582584,1
-0.5051921710546602,1.1472438446238864,1.1987318687712325,1.1472438446238864,1.6037732302795742,-0.5051921710546602,1.6037732302795742,1
-0.9632856078339211,0.9963819714270978,-0.8192899974775749,0.9963819714270978,0.19299920673078663,-0.9632856078339211,0.19299920673078663,0
-0.7784377081058919,0.2676938858936331,-2.0631600328673714,0.2676938858936331,-1.136839893515253,-0.7784377081058919,-1.136839893515253,0
-1.0373082338062554,0.9853988711454624,-1.1104634846633996,0.9853988711454624,-0.0027484565197567587,-1.0373082338062554,-0.0027484565197567587,0
-1.281914226905917,1.6103709875486467,-0.34890248283707714,1.6103709875486467,0.9409267000110934,-1.281914226905917,0.9409267000110934,0
-0.3751158628040096,0.9278004172004928,1.0880582412306694,0.9278004172004928,1.3735096451684747,-0.3751158628040096,1.3735096451684747,0
-1.1458108318269198,0.05121824403197284,-3.9304519402726257,0.05121824403197284,-2.497905221881473,-1.1458108318269198,-2.497905221881473,0
-1.3073877930101943,2.233779454350532,1.1858017747401466,2.233779454350532,2.382117074709514,-1.3073877930101943,2.382117074709514,1
-1.2644588766823288,1.3486897687842814,-0.9691225862606162,1.3486897687842814,0.35144406108942305,-1.2644588766823288,0.35144406108942305,0
-0.8835610068428961,1.1990427939467696,-0.008241776252500777,1.1990427939467696,0.8628260872442078,-0.8835610068428961,0.8628260872442078,0
-0.7378124937827777,0.8139704047460439,-0.49507822643430266,0.8139704047460439,0.2700319383114848,-0.7378124937827777,0.2700319383114848,0
-0.6355782212706305,1.2785711888133924,1.0786125753417863,1.2785711888133924,1.6213857564126013,-0.6355782212706305,1.6213857564126013,1
0.25764245300917527,0.1716512650018257,1.3612541923130252,0.1716512650018257,1.0022365260356356,0.25764245300917527,1.0022365260356356,1
-0.9304294267564435,1.3839499642832136,0.3075272314350618,1.3839499642832136,1.2003629694745908,-0.9304294267564435,1.2003629694745908,1
-0.5565138120904476,1.044848948677429,0.7497889319345417,1.044848948677429,1.2400856171712198,-0.5565138120904476,1.2400856171712198,0
-1.5499871609088804,2.4493644504435155,0.8873205595201171,2.4493644504435155,2.3456980751653598,-1.5499871609088804,2.3456980751653598,1
-1.0807843454501167,0.48409182201605794,-2.571433852951703,0.48409182201605794,-1.3079783758575758,-1.0807843454501167,-1.3079783758575758,0
-0.34408031818346935,0.7409241484595368,0.7110002684529486,0.7409241484595368,0.9950180786455035,-0.34408031818346935,0.9950180786455035,1
-0.634161355392123,1.321948491266734,1.196710582176773,1.321948491266734,1.7289608034091424,-0.634161355392123,1.7289608034091424,1
-0.23711817433980592,0.8040589675092116,1.2549488408049916,0.8040589675092116,1.3915552007091765,-0.23711817433980592,1.3915552007091765,1
-0.9493328275209684,1.0474985059077568,-0.6365555448245499,1.0474985059077568,0.34786567683588737,-0.9493328275209684,0.34786567683588737,0
-0.5893483934158559,0.8832252932090537,0.21202288793352797,0.8832252932090537,0.7762272153106998,-0.5893483934158559,0.7762272153106998,0
-1.8281804531786938,2.6707796033520674,0.4777923646670347,2.6707796033520674,2.241879292859597,-1.8281804531786938,2.241879292859597,1
-0.5907296026488437,1.2609914725973836,1.1918562590693338,1.2609914725973836,1.6816953065967069,-0.5907296026488437,1.6816953065967069,1
0.23932237048452198,0.34207784328644364,1.740531580950235,0.34207784328644364,1.3702494771650289,0.23932237048452198,1.3702494771650289,1
0.6160541496259502,-0.01414654761550449,2.1481457413482747,-0.01414654761550449,1.3752279886555439,0.6160541496259502,1.3752279886555439,1
0.6229957045570487,-0.12186138009719305,1.8919831981606965,-0.12186138009719305,1.1320244474093792,0.6229957045570487,1.1320244474093792,1
-0.8063524879987096,1.8019550979750356,1.8372276284122737,1.8019550979750356,2.489608086013911,-0.8063524879987096,2.489608086013911,1
-0.04533109391700988,0.5497594047460287,1.2722907514118973,0.5497594047460287,1.218619809811464,-0.04533109391700988,1.218619809811464,1
-0.5993778519617995,1.3314734769913315,1.3449097813008626,1.3314734769913315,1.8314398914880254,-0.5993778519617995,1.8314398914880254,1
0.2237041994533423,0.14571234492063034,1.1732663267546666,0.14571234492063034,0.8622111309044659,0.2237041994533423,0.8622111309044659,1
-0.7167982133863776,0.755163102982759,-0.5738391588935245,0.755163102982759,0.1766560087244785,-0.7167982133863776,0.1766560087244785,0
-0.3051320610625646,1.105754774382774,1.8001548379729133,1.105754774382774,1.9616283778945747,-0.3051320610625646,1.9616283778945747,1
-0.9383364229075689,1.1788870178789257,-0.2550598631689275,1.1788870178789257,0.689044650000273,-0.9383364229075689,0.689044650000273,0
-0.5349472531175143,0.9210427053791078,0.5035525073896083,0.9210427053791078,0.9916333890825799,-0.5349472531175143,0.9916333890825799,0
-1.3396868579374415,1.368464116184607,-1.1843950460042918,1.368464116184607,0.2269188930560472,-1.3396868579374415,0.2269188930560472,0
-1.196100238101061,1.2744127710458368,-0.9202877008805723,1.2744127710458368,0.32916196605207954,-1.196100238101061,0.32916196605207954,0
-1.2432945432415246,1.1737164232907848,-1.350164149156,1.1737164232907848,-0.020998705012492867,-1.2432945432415246,-0.020998705012492867,0
-1.8382730741899647,2.4251421555520114,-0.1983132430366612,2.4251421555520114,1.6279688309781055,-1.8382730741899647,1.6279688309781055,1
-2.5926959492972745,3.3116511298046327,-0.563217152318437,3.3116511298046327,2.0344781689911606,-2.5926959492972745,2.0344781689911606,1
-0.5723449529076059,0.4076609111973706,-0.9673344698407286,0.4076609111973706,-0.3287348226945644,-0.5723449529076059,-0.3287348226945644,0
-0.8178841208309902,1.0241261581688135,-0.23125831655949802,1.0241261581688135,0.5923443773241852,-0.8178841208309902,0.5923443773241852,0
-2.0340454646747927,2.6142616137135195,-0.39969681486333863,2.6142616137135195,1.6350122209474045,-2.0340454646747927,1.6350122209474045,1
-1.018934074621579,0.9888354944963426,-1.036335656800956,0.9888354944963426,0.04754932574665641,-1.018934074621579,0.04754932574665641,0
-0.9697162202190523,0.7314066878425629,-1.5328155916043529,0.7314066878425629,-0.45904684499609816,-0.9697162202190523,-0.45904684499609816,0
-0.9981548598544511,0.5603837329494772,-2.0794914836457776,0.5603837329494772,-0.9354571175224785,-0.9981548598544511,-0.9354571175224785,0
-0.2592467409239565,0.23175740940894174,-0.3153691243835395,0.23175740940894174,-0.03560174880811286,-0.2592467409239565,-0.03560174880811286,0
-1.4102608444732556,1.2739086116340466,-1.681187102739937,1.2739086116340466,-0.16195359592611686,-1.4102608444732556,-0.16195359592611686,0
-1.6636307664823635,2.577456797107106,0.8181506504083469,2.577456797107106,2.3938287417325674,-1.6636307664823635,2.3938287417325674,1
-1.5264604879637085,1.5337923553355681,-1.4158789457994363,1.5337923553355681,0.19732320990217003,-1.5264604879637085,0.19732320990217003,0
0.02192723404106217,0.4021179591449302,1.1259821706738182,0.4021179591449302,1.0173597796670193,0.02192723404106217,1.0173597796670193,1
-0.9707284230904695,1.5579818530033376,0.6182478217720194,1.5579818530033376,1.5267697998718024,-0.9707284230904695,1.5267697998718024,1
-1.1591660519263913,0.7159466147459337,-2.245056718819415,0.7159466147459337,-0.929608226007816,-1.1591660519263913,-0.929608226007816,0
-1.6711169800116419,1.314452274873345,-2.5007059324801104,1.314452274873345,-0.6611565976592625,-1.6711169800116419,-0.6611565976592625,0
-1.1917286250775632,1.6483795486072381,0.07004579713412573,1.6483795486072381,1.2386513540357191,-1.1917286250775632,1.2386513540357191,0
-1.2020065082191322,1.3189674472637434,-0.8250943163626779,1.3189674472637434,0.4228168747269651,-1.2020065082191322,0.4228168747269651,0
-0.48965134813793526,1.074397348280783,1.0639613597264612,1.074397348280783,1.464108517525433,-0.48965134813793526,1.464108517525433,1
-0.7348409365837402,1.3378142400522992,0.880977706512291,1.3378142400522992,1.5368126336697305,-0.7348409365837402,1.5368126336697305,1
0.6426838121840148,-0.36268659821545923,1.3340480842879707,-0.36268659821545923,0.5978135541126722,0.6426838121840148,0.5978135541126722,1
-1.2179532804969306,0.8718290925194784,-2.047220730490633,0.8718290925194784,-0.6891482749878364,-1.2179532804969306,-0.6891482749878364,0
-0.8106183544478189,1.4058070100765074,0.789448633810913,1.4058070100765074,1.5270086746395795,-0.8106183544478189,1.5270086746395795,1
0.0491140450311377,0.2933575099572854,0.9388999011948058,0.2933575099572854,0.8179532728430384,0.0491140450311377,0.8179532728430384,1
-0.4454735585267771,0.8859089042070459,0.7293138270151946,0.8859089042070459,1.1118027745988257,-0.4454735585267771,1.1118027745988257,1
-1.1367618740221612,1.699797165555793,0.3990335088573165,1.699797165555793,1.4880634834049118,-1.1367618740221612,1.4880634834049118,1
-0.8217460711071554,1.6217504664406754,1.3128858658966056,1.6217504664406754,2.0209546590116574,-0.8217460711071554,2.0209546590116574,1
-2.3427381847338364,3.1689154150004484,-0.048739178109690195,3.1689154150004484,2.2629516713984636,-2.3427381847338364,2.2629516713984636,1
0.08374452931061635,0.48104285564051574,1.55097129569427,0.48104285564051574,1.3486051559036971,0.08374452931061635,1.3486051559036971,1
-1.4033707981228056,1.664292104794081,-0.6391273711483219,1.664292104794081,0.7927833795707686,-1.4033707981228056,0.7927833795707686,0
-0.3357733840244037,0.7069795067443492,0.6519789970061605,0.7069795067443492,0.9323747490874432,-0.3357733840244037,0.9323747490874432,1
-1.0108894947822105,0.8531859798692966,-1.3614040017047657,0.8531859798692966,-0.2603212980383675,-1.0108894947822105,-0.2603212980383675,0
0.8795700887475042,-0.4352104992924215,1.9851869177932118,-0.4352104992924215,0.9652633851771184,0.8795700887475042,0.9652633851771184,1
-1.5658412226709513,2.2463241906958222,0.3018193855804947,2.2463241906958222,1.8210655489779808,-1.5658412226709513,1.8210655489779808,1
-0.2892329436634073,0.05912233197841299,-0.8717362746853252,0.05912233197841299,-0.519429729598253,-0.2892329436634073,-0.519429729598253,0
-0.8184264221608823,1.365065844480025,0.655553983377838,1.365065844480025,1.4111540460198244,-0.8184264221608823,1.4111540460198244,1
-0.15729845972518686,-0.029341940757577012,-0.6343927877702845,-0.029341940757577012,-0.4304031025159262,-0.15729845972518686,-0.4304031025159262,0
-0.6161418647777865,1.2408238113767058,1.0491524743879788,1.2408238113767058,1.5750549418922006,-0.6161418647777865,1.5750549418922006,1
-1.073016451116156,1.6480230197176011,0.4901649620466687,1.6480230197176011,1.5093537469821126,-1.073016451116156,1.5093537469821126,1
-0.6730337222087225,1.0109521810519086,0.24815639471875428,1.0109521810519086,0.8920098889285203,-0.6730337222087225,0.8920098889285203,1
-1.2637927190008904,1.9218806768397694,0.5273907611522386,1.9218806768397694,1.7316438162556702,-1.2637927190008904,1.7316438162556702,1
-1.602311771989193,2.284919070128217,0.2730717868678417,2.284919070128217,1.8304682758981845,-1.602311771989193,1.8304682758981845,1
-2.595097792909851,3.522899646614782,-0.02106939170837463,3.522899646614782,2.537092444708211,-2.595097792909851,2.537092444708211,1
-0.6402882279947615,0.588950466564164,-0.7357439183065847,0.588950466564164,-0.04810903045723061,-0.6402882279947615,-0.04810903045723061,0
-1.3733457165913472,2.0778128529077255,0.545300184656262,2.0778128529077255,1.8560941102053272,-1.3733457165913472,1.8560941102053272,1
-1.0386903275968413,0.5024443383321475,-2.3742947713034646,0.5024443383321475,-1.1675435781438692,-1.0386903275968413,-1.1675435781438692,0
-0.04808057304349405,0.2960515349973919,0.6011924473460561,0.2960515349973919,0.6020956448819461,-0.04808057304349405,0.6020956448819461,1
-0.2251214234066866,0.9260041911100844,1.615376504025075,0.9260041911100844,1.712308906653411,-0.2251214234066866,1.712308906653411,1
-1.7834712835476971,1.1603625690489179,-3.3008737314311585,1.1603625690489179,-1.2887991334300037,-1.7834712835476971,-1.2887991334300037,0
-1.741534894347775,1.7829309432022504,-1.5292696213438774,1.7829309432022504,0.30457418578264395,-1.741534894347775,0.30457418578264395,0
-1.2251182512101706,1.4802832485762227,-0.4865612800168426,1.4802832485762227,0.7579548360553392,-1.2251182512101706,0.7579548360553392,1
-0.8254377457516124,0.9483514988872308,-0.45557316509664914,0.9483514988872308,0.3928069716501385,-0.8254377457516124,0.3928069716501385,0
-0.2779653192243311,0.8916157828237226,1.3383085893481876,0.8916157828237226,1.508712668429478,-0.2779653192243311,1.508712668429478,1
-0.3960347421855485,0.9070354705885941,0.9597346357115374,0.9070354705885941,1.2757114851034181,-0.3960347421855485,1.2757114851034181,1
-1.9061938212556064,2.5601744129888946,-0.08722280758225764,2.5601744129888946,1.7973851089897843,-1.9061938212556064,1.7973851089897843,1
-0.9364749002977565,0.8349223549362625,-1.1450784266879772,0.8349223549362625,-0.13402310476759252,-0.9364749002977565,-0.13402310476759252,0
0.7461168111931139,-0.5067344854481695,1.3254113030184898,-0.5067344854481695,0.48794832329110494,0.7461168111931139,0.48794832329110494,1
-1.323538165612064,0.9748211037951047,-2.153237608375391,0.9748211037951047,-0.6829558407775762,-1.323538165612064,-0.6829558407775762,0
-1.4102121761280841,1.4968290245418898,-1.099922448054538,1.4968290245418898,0.37434034673490674,-1.4102121761280841,0.37434034673490674,0
-0.41380420146864394,0.9378395894716621,0.9770077302970824,0.9378395894716621,1.309155033957367,-0.41380420146864394,1.309155033957367,1
-1.250911159888164,1.1389803278623551,-1.4677261988231427,1.1389803278623551,-0.12197159629522555,-1.250911159888164,-0.12197159629522555,0
-0.721153320787125,0.519704817311011,-1.203060675335765,0.519704817311011,-0.39964602859035786,-0.721153320787125,-0.39964602859035786,0
-1.467858192802832,1.255506433946322,-1.9334428763832197,1.255506433946322,-0.3379724737117529,-1.467858192802832,-0.3379724737117529,0
-1.4712484837996662,2.2272971633916816,0.5877228574543756,2.2272971633916816,1.9916860556104092,-1.4712484837996662,1.9916860556104092,1
0.4126900186502946,0.049207191598460986,1.591999226992151,0.049207191598460986,1.0624050480330047,0.4126900186502946,1.0624050480330047,1
-0.6409660813518595,0.6236595472632006,-0.647671128687796,0.6236595472632006,0.033824874975845146,-0.6409660813518595,0.033824874975845146,0
-1.2154361162281773,1.2232106507690976,-1.1223380324422594,1.2232106507690976,0.16177553831654623,-1.2154361162281773,0.16177553831654623,0
-1.4505895447480275,1.7394254845835886,-0.6107509005104521,1.7394254845835886,0.8654838432330586,-1.4505895447480275,0.8654838432330586,0
1.0437828884754388,-0.645720626833429,2.0188753044873136,-0.645720626833429,0.8345756553654077,1.0437828884754388,0.8345756553654077,1
-0.6905103167242211,1.3867446903474439,1.1657578127634944,1.3867446903474439,1.7559117952831393,-0.6905103167242211,1.7559117952831393,1
-0.9600550906037437,1.6226160603112945,0.8245875684345432,1.6226160603112945,1.7066479536709889,-0.9600550906037437,1.7066479536709889,1
-1.2300893276672527,0.9758872043681223,-1.819014083287176,0.9758872043681223,-0.4666227715829723,-1.2300893276672527,-0.4666227715829723,0
-0.3852614385846812,1.0110538925073722,1.269092745893044,1.0110538925073722,1.5505477908912877,-0.3852614385846812,1.5505477908912877,1
-0.826160132977278,0.9480387740492555,-0.4589505167252499,0.9480387740492555,0.3904022892959465,-0.826160132977278,0.3904022892959465,0
-0.562486862996699,0.8417503864531233,0.19918176536764554,0.8417503864531233,0.7379161566321055,-0.562486862996699,0.7379161566321055,0
-1.2283341328165198,1.7016155905732897,0.07898500053990509,1.7016155905732897,1.2829612290823624,-1.2283341328165198,1.2829612290823624,1
-1.2778403100387408,1.9503584430410654,0.5518004244009951,1.9503584430410654,1.768005827756124,-1.2778403100387408,1.768005827756124,1
-0.7996876549707828,0.9275982140757442,-0.41834078999463054,0.9275982140757442,0.4017944269538551,-0.7996876549707828,0.4017944269538551,0
-0.7636167693712136,1.0391653676378672,0.0004202879291526074,1.0391653676378672,0.7526568944986877,-0.7636167693712136,0.7526568944986877,0
-1.6562193429341017,1.6874899059280397,-1.4754607434193734,1.6874899059280397,0.2701767449531262,-1.6562193429341017,0.2701767449531262,0
-0.9926084208527116,1.0435216739809194,-0.8004119957942835,1.0435216739809194,0.23930529400603745,-0.9926084208527116,0.23930529400603745,0
-0.5378553898169077,0.8160540826838653,0.21956153849055215,0.8160540826838653,0.7324554498682402,-0.5378553898169077,0.7324554498682402,1
-1.5160213860192562,1.2438181820361103,-2.134736219989697,1.2438181820361103,-0.4762614884437711,-1.5160213860192562,-0.4762614884437711,0
-1.3023593308662984,2.034809406993511,0.6849766927475445,2.034809406993511,1.9150442878996934,-1.3023593308662984,1.9150442878996934,1
-0.29483860557472835,0.003737885492391957,-1.035990423373228,0.003737885492391957,-0.6654672139357524,-0.29483860557472835,-0.6654672139357524,0
-0.9251441968601493,1.5541106283590835,0.7698348166899931,1.5541106283590835,1.6217346402226753,-0.9251441968601493,1.6217346402226753,0
-0.7481122211481959,1.180238892460435,0.4231516183837666,1.180238892460435,1.1274434880225337,-0.7481122211481959,1.1274434880225337,1
-1.3686028132276775,1.4107323787897144,-1.1767725011105612,1.4107323787897144,0.26243858461046654,-1.3686028132276775,0.26243858461046654,0
-0.41787483654526647,0.7066491317762915,0.35992023128989015,0.7066491317762915,0.7437689972763315,-0.41787483654526647,0.7437689972763315,0
-0.6995559349676104,0.994005317540304,0.10991156665518154,0.994005317540304,0.790577328740971,-0.6995559349676104,0.790577328740971,0
-0.8323097695158284,0.7481468205455295,-1.0018252529175533,0.7481468205455295,-0.10445837664058052,-0.8323097695158284,-0.10445837664058052,0
-1.0313826420802648,1.7940281331192323,1.0184268898619748,1.7940281331192323,1.9557740865135147,-1.0313826420802648,1.9557740865135147,1
0.48834811949935003,-0.2511847303953252,1.0773046095743808,-0.2511847303953252,0.5129545751451791,0.48834811949935003,0.5129545751451791,1
0.6769655699947849,-0.14409054497172114,2.0254583049780006,-0.14409054497172114,1.2020161435377705,0.6769655699947849,1.2020161435377705,1
0.0620333652323707,0.2663108389459685,0.9142189555349954,0.2663108389459685,0.7824524491015094,0.0620333652323707,0.7824524491015094,1
-0.07736149898900778,0.6720656576083983,1.477503927702489,0.6720656576083983,1.4395276009395894,-0.07736149898900778,1.4395276009395894,1
-2.4568708732689313,3.309407714890472,-0.08732050918341261,3.309407714890472,2.3397887070335814,-2.4568708732689313,2.3397887070335814,1
-1.056849303240515,1.242113531993974,-0.5105874603994887,1.242113531993974,0.5700171103887061,-1.056849303240515,0.5700171103887061,0
-0.014436219029813695,0.5318387196925194,1.3351544617703723,0.5318387196925194,1.2461893642653266,-0.014436219029813695,1.2461893642653266,1
-1.3262085356996027,1.6814813432970337,-0.32064052537524956,1.6814813432970337,1.010640521195443,-1.3262085356996027,1.010640521195443,1
-2.0749108927971003,3.133802830833549,0.8096622861343502,3.133802830833549,2.7911647194695535,-2.0749108927971003,2.7911647194695535,1
-1.9469912979737296,1.7549256583755803,-2.3309847918081514,1.7549256583755803,-0.23277757168327826,-1.9469912979737296,-0.23277757168327826,0
-0.002670981996057521,0.40051564991472555,1.034560398575453,0.40051564991472555,0.957236172184727,-0.002670981996057521,0.957236172184727,1
-0.2527090915131683,-0.14561982705985255,-1.275899757936246,-0.14561982705985255,-0.9283387187638533,-0.2527090915131683,-0.9283387187638533,0
-0.9331950225105641,1.2607986767469381,-0.02330323119953126,1.2607986767469381,0.8978250821616475,-0.9331950225105641,0.8978250821616475,0
-0.3174061404040181,0.7695946229540587,0.8803443069093487,0.7695946229540587,1.1249966545458707,-0.3174061404040181,1.1249966545458707,1
-1.2780797857170294,1.0549567725181728,-1.7831141625190743,1.0549567725181728,-0.3862200606607987,-1.2780797857170294,-0.3862200606607987,0
-0.8660329750544904,0.5566415971198095,-1.6206360774586979,0.5566415971198095,-0.6422226322246544,-0.8660329750544904,-0.6422226322246544,0
-0.3023214619175282,0.5232378935749169,0.29166261851858755,0.5232378935749169,0.5669504415177776,-0.3023214619175282,0.5669504415177776,0
-0.8304483218761946,1.3681656157369861,0.620994938123475,1.3681656157369861,1.3911091294087445,-0.8304483218761946,1.3911091294087445,1
-0.20114404083333354,0.8232984808353375,1.4326940629858407,0.8232984808353375,1.5201239244854359,-0.20114404083333354,1.5201239244854359,1
