Feature1,Feature2,Feature3,Feature4,target
-0.048222981194966597,-0.3338917747321738,0.5347043883283316,-0.11169730975449177,0
0.252245750983354,-0.9583254299635936,-0.14158147451056746,-1.329374431078792,0
-0.7995645849115007,0.80239942137568,0.10823238021601067,0.9953784904643453,1
0.45141031265745735,-1.2539045914029119,-0.19179916937940228,-1.7207225236728863,0
0.08207450628915092,0.11929041862157191,0.4387327207314129,0.45883847454124693,1
-0.0029080196674298175,0.38012738277676744,0.4225912929115362,0.782276795393387,1
-1.6414334759256006,1.956124431598633,-1.9655741043523107,1.044933957767633,0
-1.0025868394524715,1.4375718877796733,-1.2912808349957379,0.9053338371651928,0
-1.0795551358067539,-0.08195257644054135,-0.40125624616315525,-0.5727984675142808,1
0.3209713145478105,-0.6809884252897899,1.4279519457800598,0.06920982168583834,1
1.59965614815698,-0.3504176830078171,1.0532279577858144,0.5119827363712268,0
0.8761938002155817,-0.8925874482292836,1.6543857354756957,0.03637093863058383,1
-0.2965513578589755,-1.079299027327273,-0.31076447922612693,-1.7044817208025298,0
-0.7970988411607356,1.4683525944973435,2.1158220533991043,3.185657854633443,1
-0.1931263304689198,0.7539474567255267,1.6966552758413043,2.070610125452954,1
1.2442612665242199,-0.15747982275329725,0.38986674816759675,0.27534009288788813,1
0.6273295855859276,-1.4683193571018403,-0.2197741650072586,-1.9932153854068526,0
-0.8081801341957875,-0.08323487180096152,3.104773075516282,1.7408341260162004,1
-1.2737244518079724,0.4588032933842285,-0.5148912080712488,0.04257187718112898,0
-0.044988312778032336,0.27964440373425736,-0.01889036148451062,0.354440266518596,0
-0.7323783181532894,-0.07461371735774472,-0.2396722462808959,-0.3930847312712492,1
-1.0058687877537025,-0.6481769887387658,0.6355935264186099,-0.6488743231842986,1
-0.06592587054804028,-0.09703301363921923,0.3305415963008429,0.0708514826688737,0
1.3226101413363758,-0.00663506595080117,1.1694860626666896,0.9959432193457568,1
-0.23362012492157574,0.9188003756965063,-0.6525426880801579,0.7670358477260699,0
-1.2995158678291536,1.458029201701606,-1.429270920183657,0.7876268950067291,0
-1.5077620567659937,1.5952333321112577,-0.8689585038499179,1.294219474905527,0
-1.2948821106557729,0.11268392767551973,-0.2295600637262072,-0.241461545474152,0
0.5045509812959594,0.6695685962201926,0.5215777271837121,1.3302421015253176,1
-1.7916050235795502,1.2775224940921839,-1.3987636517862874,0.4723177004817273,0
-0.1863610832820446,1.3793901051940833,1.4936893623325451,2.77981647433127,1
-0.2587286148365364,-0.5154694810582198,0.6257084748285378,-0.3362337182802586,0
-1.9346893174920898,1.4359686932921885,-0.8322145736013503,1.023730668526854,0
0.242597406730358,-0.9506075768108315,-0.3331060017171826,-1.444525651323719,0
-0.32578503499571876,-0.18344311072248878,0.2798315579956412,-0.12685299903116687,0
0.48361712128163614,-0.6037015291100526,1.104659345576678,-0.005195473128401962,1
-0.22042933027502826,0.6252688218319215,0.09500077399530737,0.8585181992969028,1
0.1002608174309052,0.2007097341282527,0.10159128755032232,0.35377027899543967,0
-0.28583820533405196,-0.6604043157364123,1.1129244436897272,-0.22113688768646966,1
-0.09426442679778146,1.149913305830395,0.875628744026675,2.0902313895732547,1
-1.8100830752949746,0.15721638101095753,-0.5169829394129482,-0.4645673140850406,1
-0.6120194992173342,-0.034368502754535166,0.0930118830259179,-0.10154097195114375,0
1.090267470292698,-0.04941670098571803,2.001883066266868,1.4322537010684622,1
0.17847802191031237,1.3340160095550795,-0.8570011764813081,1.2697648131444523,0
0.6586259639200537,0.10680189147111203,0.9428099141490893,0.8764198691548015,1
0.19131386966690467,-1.019491753697791,-0.32536974883254033,-1.5416130079413477,0
-0.4679238582246082,-0.0718704796646178,0.3215005817848163,0.022900573902237598,1
-2.0105998732228536,1.7507740308054915,-1.9231532471525465,0.7271902183247265,0
0.5658160352834962,-1.2118255975039673,-0.564382523088031,-1.8832928023976523,0
0.7245836999423411,-0.14881785099026165,0.7771590091446323,0.43899118346651333,1
-2.600231674413676,-1.103344191407263,-0.3685988431435303,-2.208845712017279,1
0.7412154569136263,0.19893097531133844,1.4761247044078525,1.359999477778779,1
0.1187810095032853,0.21361525260226233,0.4173007109302469,0.5784577303931856,1
1.6389108359850697,0.9012637795405584,-1.0462840804089428,0.8426311840808436,1
-0.18233496933388954,-1.36708882014186,-0.010415642608214759,-1.8750222472919174,0
0.06407591053673012,0.035477420009319624,-0.7351439540139434,-0.4150602706696854,0
-1.7877539550314163,0.12080558414248226,0.15320956212048048,-0.07639702157811412,1
-0.7085767143347519,1.7665622065462065,2.466684204155258,3.8289793750495518,1
-0.5432652409536842,1.4627011212047996,2.485629848927574,3.464797158919525,1
-2.567121417511837,-0.37474115238783257,-1.103902070608876,-1.700057573149297,1
0.1835502171224015,0.14909263338405335,-0.474849205031628,-0.07200896272666635,1
-0.8509714583791146,-0.12437691659696647,-0.2908822052239467,-0.5152916681300502,0
-2.2273831599737166,1.2013090400536384,-1.4559218100781028,0.25092728764900885,0
-0.7809080301364868,0.365903795166634,-0.29249300507652803,0.154579145051515,0
1.4274160721226945,-0.35382799172765583,0.6182949547302663,0.19402932733106676,1
-0.11618679797553544,0.18612122574498724,1.2317813436367782,1.0232102826948766,1
1.1620636487419815,-0.9265871584651076,-0.5842072357359772,-1.400935107458118,0
0.7006992451306504,-1.1659759825116818,-0.42241278284156103,-1.7046502078710914,0
-0.6900623434809754,-0.7123880001129967,-0.16584872539495082,-1.192968668006474,0
0.14100011013780867,0.32827661645447515,1.4303572365161652,1.3906795263164242,1
-0.5643756021756162,-0.5491719353428685,0.022168549536232762,-0.8288833659585064,1
0.8989341930671678,1.471040463315229,0.6439618242628016,2.5588420176861373,1
0.833180620723458,-0.0783052400650112,-1.161991026515516,-0.6981967401880824,0
-1.9727954235522849,1.7618805020552215,3.050810983673642,3.961330273191873,1
2.3753528797591983,0.27335834190354263,-0.6512053679802017,0.3944456358875952,1
-0.4215498024376408,-0.7810012751504222,-0.1402368978225692,-1.2177956297088919,0
0.10346093094682463,0.9853184487744745,-0.6062465462081502,0.9497793296037464,0
-1.2498902690470428,1.6208554234340224,-1.5618151877999453,0.9298211461477894,0
0.9734217359513913,-0.9341767635593757,1.3826982238365022,-0.17652135894562293,0
1.1506295711231012,0.10468636727901756,0.5772634603458755,0.7303708796611275,0
0.31868074692946724,-0.07261931821925062,0.4046604378441847,0.22405060814743444,0
-1.5375846932617552,0.1781358597979794,-0.8849204719490416,-0.6226859868531671,1
0.4051760273299895,1.5023464679160479,0.1699548124723883,2.2015473127383176,1
0.020631582715586072,-0.03331216037231247,0.30468794286784295,0.15596959572646701,0
-0.6247544798910515,0.4694971766365586,-0.3005062926849117,0.31783985378862967,1
0.2040223172229496,1.079098857818085,-0.6408772982479166,1.0721956846746006,0
-1.1711472055658658,1.144955126753394,-1.1161128275812984,0.5941115882789025,0
0.7305643895592631,1.2357260880939496,0.23154844633147376,1.9450735009487468,1
-0.7938252933805223,-0.4832421322599371,0.9218805541294313,-0.20272470500849626,1
0.7901496461284823,-1.5109472878296533,-0.10265391306579957,-1.9440362783565652,0
-0.3755836073934094,0.12596406645144745,0.04985888760936941,0.13029122530957926,0
-1.8438589074114557,0.659650457090067,-1.2886766324270356,-0.29529754002530983,1
0.6574133313876693,-0.21418669657242145,0.6333545725486889,0.2457586929745288,0
-1.3453931103180596,0.8855083404736739,-0.6612446457999708,0.5069381974380065,0
1.0551584785239103,0.1485154470803149,1.96681435785224,1.6684975899350114,1
1.5207042802540003,0.9338919726985984,1.336229860911476,2.4026813749656597,1
1.8718433420292335,-0.776152669419491,-1.8893043895036348,-1.9079927027549664,1
-0.8625728958371044,1.2328787177215674,-1.0450619006792623,0.8161758940887722,0
-1.1741723074596309,0.14097304673873814,-0.24572976424654763,-0.19117431369112203,0
-0.9601304436438052,-0.37631317926972113,1.8960149556697996,0.5384100688919841,1
1.1466757530335272,-1.8871027880926519,-0.22150392217335974,-2.4580974515023626,0
0.5122850651896469,0.036607229936879974,-0.8591034805402256,-0.4090078892104916,0
0.5431450103475615,-1.038358776304359,-0.3733337734696142,-1.5314976059394925,0
-1.3111017523320938,-0.07926111815351991,0.507042367033181,-0.026321700504197465,1
-0.4820110618351727,1.0686248331991741,2.6325244321298,3.042584775234234,1
0.7447460463476854,-1.9824270507926829,-0.10210818853319159,-2.5847204123354413,0
-0.7690825699253625,0.26258035210605224,-0.4364913661112487,-0.07478445791909233,0
0.45473800018181054,0.9566781639730109,1.0043570160840942,2.0177562468770645,1
0.8740015576229665,-1.1910977610674407,-0.29457945811553754,-1.6230908407697167,0
-0.3082113413407529,0.36951987872575676,-0.15523187746391892,0.33728025848881016,0
-0.4491305240647213,-0.14243659150250512,1.7946285040921133,0.8831087061720536,1
-0.2540631959443461,-0.33952859829175186,0.48048016683949923,-0.19312299058572435,0
0.49694825353746097,-1.6611514431599055,0.2135251096847024,-1.9966788598190373,0
0.43452982587563177,0.19062107186068522,0.1188631771723122,0.4144753495013134,1
0.11231102540682969,-1.3972688082219387,1.6107290446001283,-0.8129911285736293,1
-2.402915495363983,0.6780023113650053,-1.0673052410310404,-0.23322874830549845,0
-0.835521200818576,0.19264837943499466,-0.4529800269622255,-0.19178157699358384,0
1.0444820976804259,-0.9262719122783271,-0.5141683630701203,-1.3774727089183965,0
-0.4963152341268543,0.5233467735262803,1.7125577031361368,1.7143206923825656,1
0.7630091016841175,0.5239459371799141,-0.7190942611400739,0.38246732372496745,1
-0.9153649180201793,1.5921977010144683,2.0806511628466846,3.3067577467381954,1
-0.21967392784788503,-1.077325034110207,1.120866195585254,-0.7628008587262936,0
-2.542088656733873,0.1970835444686628,0.20284250700279727,-0.08438273326157752,1
-0.8205077740380622,0.48319286190698585,-0.41599048680641504,0.2246907526045437,0
0.5875340229960195,0.28410426777013414,0.1860289489413378,0.6121287991657711,0
1.2385365658319967,0.4084181932603476,0.0949748128258951,0.8429486232335186,1
-0.5769168321137282,0.5299997217870345,-0.6010510281643421,0.21394228525371317,0
1.2113115777417403,-0.8418179521694992,-0.7082967503684828,-1.3580619812332935,0
-0.19020374035403692,-0.16036422775883097,0.8210537879293476,0.27920636052461323,1
1.2167018313033666,-0.833565316684102,-0.633937681327934,-1.2979542914092876,1
-1.735938160484525,0.9214383676323002,-0.4665397404430886,0.6071686770331934,0
-1.9541472599180199,1.9617846143754591,-1.1095687142338417,1.5463047982315774,0
-1.606769836110643,-0.8876464524729123,0.6169302780392463,-1.095568228483246,1
-0.5979734023286907,0.5480946556552168,-0.6517925756831322,0.20147381973605638,0
-0.8103527404015789,-0.5997877257589193,-0.05893687706456563,-0.9955804614579988,0
0.5308876766501798,0.2287492049485647,0.597197351773139,0.7927080549858807,1
-1.7878071014616013,-1.0558737084208498,0.6681776882444652,-1.3223084739711615,1
0.7228504127077278,-2.5208813532941576,-0.818652581001841,-3.773896544445874,1
0.013413512944924544,-0.1900649581251388,-0.6294694373421593,-0.6589330038373091,0
0.0713064387151433,1.743264110137042,-0.6944663462185603,1.9034883160787055,1
-0.46491100286998543,-0.5348942509494046,0.540017191956395,-0.456540778796373,0
-0.8548148945287243,-0.4448736628851698,-0.1943256065818204,-0.883593533268078,0
-0.10425272964331411,-0.31820294405712435,-0.4322340453116579,-0.7256590432243086,0
0.032316352280177596,-0.19768378491023272,0.4486744413846325,0.03066221484688514,0
-0.8300605975893525,0.5966207433481417,-0.32646784187784805,0.4328583358714608,1
-1.3150116002651653,-0.8966950435173453,1.3710693582423095,-0.5656336999310982,1
-1.8497634652238502,1.2807120807132801,-0.797361668456595,0.8539962725487871,0
0.4154880788783606,-0.2993609049771394,2.5112517597085864,1.2985603945086617,1
-1.5280184493931666,0.9694534526966746,-0.5040378685911184,0.6866024141247283,1
0.7090544426206378,1.5370588070783713,0.4496766229256739,2.486101335672307,1
-2.325053569670318,0.9435413393702805,-1.278617853173295,0.0012114112292421209,0
-1.0279214941909007,-0.8842359379769525,1.3615212921835682,-0.5009055610577247,1
0.3838144706804297,-0.7953150217403697,-1.4691300792887312,-1.9431831692665544,1
-0.8632472765117998,1.4953519033672238,-1.3213840776074308,0.989699537712486,0
0.8026827363324065,-0.6182327528723208,1.024609959904491,-0.01616766052084706,0
-0.09176402142593665,-0.7630931898496325,-0.2004665807679067,-1.1704296172112358,0
0.10273738379257102,0.20086743199838464,-0.8343279556933456,-0.24995248428891653,0
0.7522773749562024,0.12202522987578646,0.4525779285713186,0.5979315528585933,1
-0.7953413314347035,-0.02551069081885006,-0.042806387384321964,-0.21196515631595753,0
-0.574092208658932,-0.09009793347106984,-0.4165120010214011,-0.49818395703080465,0
0.10762735212008034,-0.6076625446273862,-0.44375001280337084,-1.081405351833323,0
-0.031934328472532636,-0.4435089737711526,0.6158975130612228,-0.20323631268066267,0
-0.5535670214414957,-0.9024671516931433,-0.23864530803232648,-1.4692017696719266,0
-1.1225596700379241,-0.8849353716317996,1.0502895259646126,-0.7206928268334414,1
-0.5731898036458749,-0.4286148495280155,0.9449139729760507,-0.07293093741199164,1
-0.1436509638476181,2.577614518303053,1.0547071805814032,4.111750595295886,1
0.17399790816604677,0.06839109236624755,1.0359874994350289,0.7936051933650485,1
1.467729298366184,-0.1512516463733632,0.16519180636186714,0.18077721571929367,1
1.3055630921868147,0.4651819548367152,-0.20357848595714467,0.738943095549699,1
1.620715287280104,1.5057253542638747,-0.661506417725608,1.8985371227161532,1
1.2206502355030893,0.31408898221622383,-1.0101586373332647,-0.0006426601038420632,1
-0.30119429804116504,-1.0627016527628153,0.02879701798826151,-1.4638099725373568,0
-0.028643231536226943,-0.34063719706028867,-0.43208950054759576,-0.7413908519967326,0
-1.3778811753065572,2.0455104195254576,-1.9847346436465676,1.2022061373471562,0
-0.8732198334955419,-0.7472939610133692,0.08709820996971107,-1.1110105090725555,0
0.6402194994602128,-0.9014885670717562,1.2496300007464871,-0.2814883199378325,0
0.09725218467266494,0.7469356229377468,-0.37809336102095403,0.7761659867468287,0
0.5548947584780453,0.4175140421757535,0.8479116519282321,1.2123651601145018,1
0.6439617177764488,0.4457688915905755,0.3371559570198589,0.9372389192076515,1
-0.0965476811926958,0.06813662518363008,0.16930535046098716,0.18251587437009414,0
0.10192142253420211,0.7215764813174853,0.2132695202563465,1.1249217968911434,1
1.6796782070415086,0.49595794470509924,-0.37630036359024943,0.7392911455251554,1
-1.0788978865976606,1.427481842339637,3.3732687488815363,3.889688385326772,1
0.12421180272005117,0.004720723690206411,-0.8547515037666289,-0.5222104756027798,0
-1.3137864510409873,1.1625879401696722,0.769776792943372,1.808723096322553,1
-0.4410063089796237,-0.31314573308335825,1.4010860951532216,0.4015003024288094,1
0.36505495096245544,-0.947057754332648,-0.3850432540715961,-1.450193288361568,1
-2.1800438403080453,0.6336739153249528,-1.231773052109819,-0.3568426234397356,1
-2.299466527338985,0.1587593926928121,-0.3584609651890349,-0.452484938125037,1
0.8978304330670634,-0.2726741223093176,1.3532035726480205,0.677540067246263,1
0.841228829981558,0.16833478087937226,-0.042721292961853674,0.3569845852385929,1
-1.067089421830741,1.6661767953424933,-0.9060711432662909,1.4485855791493392,1
0.2512025908430916,-1.3723060204909379,-0.11937462654953879,-1.870565852839985,0
0.03972371506804828,-0.2595715609170531,0.4776048194377793,-0.03227658526547805,0
-1.4079735535659912,1.43772531733905,-1.4374597232681836,0.7346334154146089,0
-0.609706829106368,0.40935428388219364,-0.6930483249171314,-0.013496510617911905,0
1.430107658958078,0.1115150064254028,-1.196243226830662,-0.35302685425091107,1
0.014068251117132058,0.8407426362906748,-0.15899970527799068,1.027792026191157,1
-0.06573961757458407,-0.5880772825162588,-0.3813767606501878,-1.0475715275638784,0
0.24080894111554302,0.07940259022040813,-0.31787383237940037,-0.05331656915533056,1
-0.010927956907806458,1.7153431541980633,0.9702583846367359,2.9255666967783567,1
-0.4631251585107595,-0.4063654325586448,-0.33965092974922884,-0.8518640364226757,0
-0.04374760855679555,-0.8302090418569095,0.9648513219351293,-0.4988568180479418,0
-2.280577057394366,1.1891320219193624,-1.4854029066668448,0.20551500132763018,0
-1.710938296274368,0.21770133397404498,-0.2120490397379437,-0.16779715905253556,0
0.8799350441179774,1.216447340334911,1.0036964024721984,2.4460426320586643,1
0.5733981730512459,-0.002962795135331992,-0.918733330904586,-0.4890636935299616,0
0.17144152789267963,0.019423886019403418,-0.6034710095325934,-0.3313005618779542,0
0.16033610262664655,0.17063699143170805,-0.7881525863963608,-0.24981560719913842,0
0.14840003864216494,-0.5343058941047172,0.9906028062857996,-0.04902395008506655,1
1.180242480029996,-0.4478328593841018,-0.6821276821103146,-0.8185135374993415,1
0.7800556195025874,-1.3626893918965717,-0.27296432804118487,-1.8570440553327283,0
-0.015669340732215153,0.5725889753330745,-0.02364987191715817,0.7498711336439566,1
0.6098033548675146,-0.07045229121230631,-0.9067878644026546,-0.5650129328955132,0
-0.33021818346222154,0.8136047466037699,0.07651787903675417,1.0785061710226378,1
0.12575147805093922,0.5856242566477525,0.6177185551878965,1.2082323499360077,1
0.05978054345188055,-0.7991868078018571,-0.22409155611463233,-1.2055040158981987,0
-0.5942975724557413,-0.2562815896264856,0.3054331052374616,-0.2587040942761598,1
0.5653928465764859,0.060432139772030165,1.299384879389768,1.026892118954929,1
0.23864078720387844,-0.25480245740658924,1.345970972141779,0.572438378878083,1
-0.24824021129779772,0.6986700759502568,-1.1128237272927048,0.17174015860647507,1
-0.7858057358799907,0.3632650191511305,-0.3132349339815626,0.13672023033724195,0
-1.075138504619015,1.763687513754319,-1.6338220259015397,1.1079026456996255,0
-1.5641968131150124,1.1097673450784953,-1.2280851257815315,0.4004209823129302,0
-0.9609529642789532,1.1623185128926676,-1.0862973317404305,0.676326842851771,0
-1.4660641454800438,1.039861897191052,-1.1209464283126676,0.3943545908857451,0
0.5581698599186714,0.28380819971375126,-0.3106315500153898,0.2854544964113659,1
-0.05151449331805491,-0.48754519136384816,1.2131413589641455,0.11968646941479649,1
0.3504659230960286,0.5125972800598858,1.8639926127540332,1.9575030265948354,1
1.05042365175628,-1.501126647007709,-0.32098205277559977,-2.022735196120234,0
0.1613331690779478,-1.9350530874581122,1.9664250019876488,-1.295448873150499,0
-0.3355753288562299,1.0839833832688088,-0.7885787225715444,0.8815297352356769,0
0.22738438284194562,-0.24320846303433508,2.1019425832644334,1.0740612082186258,1
1.2743256061497514,-0.03833079496156865,1.0481969394875672,0.8659858638416206,1
-0.48076281757499145,-0.4813603548051556,-0.4285367437459311,-1.0131958674702926,0
-0.2501895138969701,-0.5927960285362659,-0.32860138414896456,-1.054630150865714,0
0.6312074791742724,0.028934481195540714,0.48876243467076697,0.47357328375232643,1
-0.8233546506062128,-1.2055708466982582,0.9752863337727851,-1.1427788101238676,1
1.6187309293840597,-0.027427130877687996,2.5184117334839837,1.8950514300725827,1
-2.8290833387776955,3.167449771010808,-3.4012766020595313,1.5185776941446611,0
-0.4685096121646376,0.00013965545638983557,-0.6090261630220112,-0.48153108795301686,0
-0.132202746467172,1.1205800702138644,-1.0017847909343975,0.831318697787538,0
-1.0048066409682224,-1.735106401554866,1.762183547156006,-1.379204426101716,1
0.9383090060309371,-1.355897922324273,-0.2769173357757053,-1.8206201788219492,0
1.8412628771007022,1.035383684357649,-0.7432054194521096,1.256458759760012,1
-0.7520877927619074,0.813786667149671,-0.8910194988270559,0.3743130579526738,0
-0.9785067267246884,0.4996861893260414,0.1807780930103321,0.6023811734372265,1
-1.9547027251557307,-0.007254841947413026,-0.1026579082834137,-0.44492640950208806,1
0.266655982320541,-0.09282474344480708,-0.8522404211711632,-0.6245588366454861,0
-0.19401579526471618,0.31010970216738226,-0.7248796886532409,-0.08873368550693866,0
0.25923619732879855,0.09250060901389065,1.288474128657282,1.0050853218348417,1
0.9659135567690267,1.0699899554814922,-0.36081223231563053,1.3846253195502949,0
-1.133746657163906,1.3421351753648219,-1.2697389364275056,0.7664683950579972,0
0.607005462053341,0.3898417818910217,0.7960769772468863,1.1516046735911876,1
-0.1862358992638935,1.3138451391817023,-0.3932854136581614,1.4733364635198845,1
-0.922352965754361,-0.5817706004369593,0.7235652702415503,-0.48722109797615176,1
0.9177144783666942,-1.2877791189368764,-0.21475257013724447,-1.6929836977761163,0
-0.2825975481174451,0.45790405385471067,0.5544589655561917,0.9189843977530029,1
1.268261866273223,0.7488055940100591,0.010166835912613803,1.250404464651453,0
-0.03705906408146059,-0.03249639348549762,0.2839042046459378,0.13275448595446177,0
-0.4682567607286012,-0.8183846884053699,-0.3439217774743784,-1.4082948809793177,0
-1.7846118568520721,-0.9172315883961054,1.061054506286995,-0.8820100357353211,1
-0.2125077865118909,-0.9937524366704213,1.0215133176685423,-0.7135002500760077,1
-0.3029724644724743,-0.18391609177439588,-0.5885239118923034,-0.6839522883816331,0
2.336463020951983,-0.045754603203174836,-1.4403973890817758,-0.5506163387507172,1
2.5180227033404865,-0.7766679151531322,1.7123193465940068,0.5391368189002045,0
-1.6246690143342248,1.7122038495662446,-1.7582957795468837,0.8547469239397187,0
-3.110430509816211,2.673830316536123,-3.0678643865364443,1.0186258313091445,0
-1.3262208175601775,0.5081021156511274,-0.5856239823523502,0.05311848942370678,0
-1.1531553815111288,-0.45027001884388257,-0.10468662460897299,-0.8892491118725498,0
0.7869953315293958,2.7237985650268746,-0.7897253333532157,3.2923799277181653,1
0.48891959717059297,1.4027456412725394,0.647325884862942,2.3920205586025247,1
-0.9477022021026839,-0.24318718348134083,-0.46373679570673987,-0.8045521783671394,0
-0.9123194902792271,1.203071758637877,1.0909885058749111,2.1462301139671878,1
-1.2753151552476454,0.5045373792621658,-0.5325315066807094,0.09222996292838936,0
-0.06655019211197277,-1.8564408688600018,2.5472181011746744,-0.8579344816035808,1
-0.5490384317097925,0.2102890534598373,0.47402408427323056,0.4845932057836753,1
0.5747240173996253,-0.7214523178780522,2.4102475943616346,0.6971695154909345,1
-0.2531855326406023,1.287870202903927,-0.008806733965042057,1.6741474937898004,1
-0.18834949433378945,0.31637478180243983,-0.10642557268038011,0.32012777796248926,0
0.2423826425444756,0.3462262255230075,0.02268952938902724,0.5248420899142242,0
-0.48663336959890796,0.7286124474645717,-0.3335459063242885,0.6701610627069745,1
-1.2022715860656468,-0.11240026740034753,-0.2938226869599553,-0.5674232821524443,1
1.1500209741729508,1.5545634335639629,0.5086824043816697,2.630908974224811,1
1.552438357118106,-0.7219314636168399,0.30378581704270924,-0.4792743243601898,1
-0.3132956527039563,-0.06991773315240744,0.23197856119381355,-0.0031097282496479473,0
-0.43847527332250563,-0.4096342649868627,-0.4082010827990035,-0.8958655863970946,0
1.4592232458581784,1.1191861375613166,1.2413032713536085,2.57833970335282,1
0.7537334919397743,-1.4550931417713202,-0.04247955578324203,-1.8371235513777036,1
1.6883856034413411,-0.48416490177934524,1.2118251060580065,0.451732061669712,0
-0.49414477624622444,0.45081386882198277,0.5792165237655871,0.8855372217338668,1
-1.1184017979468064,1.3826542250699076,-1.3027804428601346,0.8023810515978178,0
-0.850919600207112,-1.2220983345566814,2.1427172916446215,-0.41624356199931756,1
-0.8122040258169598,1.5014102181553182,-1.4720338509958844,0.9101723559071169,1
1.85997189777083,0.4124553638483555,2.3933846797331433,2.449920503996988,1
0.5104821400487611,0.28338830706718393,-1.0135757883668843,-0.17805875161548845,0
1.8643313964263055,-0.7096039012870659,1.4507546382657883,0.3368183968160076,0
-0.512702363592571,1.7984726162828524,-0.7584569506515633,1.8260072602171242,1
0.2409219886135462,-0.9549856469347083,-0.0644010538256905,-1.2771894545086653,1
-0.3260093974203072,0.0940919191528812,-0.7454479272649086,-0.4167043391371689,0
-0.06608248547275514,0.22771976685889025,0.02229810158383516,0.3074036946358914,0
-0.7549311405524852,-0.5175411754789966,-0.30962951366446256,-1.0366845119655896,0
-0.6816145457337146,0.8733736986128705,0.7181998230183595,1.5067543729772235,1
-0.7220480329914836,0.04413996058816868,0.4572767098739736,0.21824578593762972,1
0.770250075478621,-0.048440344693222975,0.5331454119700856,0.4246811236862884,0
-0.6782286239064097,1.050913311312039,-0.8674245760907948,0.7215834649979156,0
1.3524379136769804,0.3592501250532405,-0.5620998791421568,0.37415957791290516,1
1.4641687210900751,-1.269834207585489,-0.9419410658185332,-2.0353890669643975,1
0.5012551753486745,-0.12738364111628087,0.32110087533265474,0.13108162663769313,1
-0.03021317645874405,0.9172744626103716,-0.02187232224452884,1.2106535510163758,1
-1.936766054458259,1.9940299160413737,-1.0694573989955845,1.6187438443576632,0
-1.4506798041170557,1.1327521248847423,-1.1906426922809437,0.47685709981851465,0
0.7171913904291337,-0.10007792527125359,-1.9708062213179631,-1.2716136639276028,1
0.4671766591419621,0.7837028212435605,0.3132318914584785,1.341747917402058,1
0.7167480939747966,-0.3104312304644631,0.7886885078599977,0.2281612778622064,0
-0.11078674319219439,0.3225384563710212,1.0448044258665592,1.0864799588819356,1
-0.10542454170569171,-0.580122822025243,0.26828861995958453,-0.6248469733949265,1
1.8268062524257023,1.167601751407545,-1.418351340735876,0.9950962787254635,1
-0.4055429240704116,1.0252360347953542,0.7169172178843735,1.7617436005351028,1
0.1381148856484819,0.10862249162579556,0.8167041308709218,0.6991920244925705,1
-0.914580282771936,0.17550651223747796,-0.39827485615878616,-0.19436921103951432,0
-1.0541834482093138,-0.08879498791909897,-0.00839576609074999,-0.3234859677140206,1
-0.7460657207097827,0.8630365049256968,-0.7621829547949421,0.5247164778045683,0
-0.41292876431531167,-0.6229497828950068,0.4867526297002499,-0.5992502109806215,1
-1.1462069275421556,0.7968776915244483,-0.3305013280407212,0.6392243614513697,1
-1.807675348384958,1.347572012351278,-1.4916933803630588,0.5032404237682763,0
-0.6666874607919941,-0.6689858386768274,-0.15079901812820762,-1.120616456855258,1
-0.37607786333834425,2.452778388750037,-2.0144748523162206,1.9183955467631189,0
-1.00557377200237,-0.749590009185675,0.5976006696667382,-0.8093945963779798,0
-0.41818807916590833,0.9398015292616558,-0.7003041884438521,0.7295318637966028,0
-0.3432044660708764,0.08251208920431327,2.799255681415405,1.8536297039435674,1
0.6781811408683015,-1.1492891342783764,0.40200832870383035,-1.154117316501448,1
-1.4235845276133454,0.6766609554873281,-0.7971133237869803,0.12428088165308554,0
1.4496677347871103,0.318324677704874,-0.26629158147617593,0.5286379111505899,1
-0.01947289051923451,-0.44444225791236575,-0.501834441360712,-0.923949934949071,0
-0.5243805740503243,0.41185668569468525,-0.9124423656951224,-0.13571770140569994,0
-0.02668244274192849,-0.9622577020128388,-0.035981353784978576,-1.3190949940607268,0
-2.1560797673742407,1.034994497704736,-0.537713318796065,0.6342452405823187,0
0.06426501585012678,1.0728973037670289,-0.6454345899334092,1.034557993855703,0
-0.4233648832551444,-0.7734957481763605,-0.02365117205008127,-1.1327806706616539,0
0.06539993901130758,0.4182556093178524,0.9157412485833494,1.1647837298569672,1
0.2236918165617735,1.3417058644681268,0.1649363873419315,1.9485642757601007,1
0.3087109101527582,0.1278648573964604,-0.881162681468155,-0.3392549308001368,0
-1.7933557531027342,-0.7936642239023434,0.38858411673791227,-1.1521710797740328,0
-0.5394613529039901,-0.5061337726606091,0.5488992144824234,-0.42629353831411476,0
-1.0409101223681927,-0.30591626178732384,0.6434281455452009,-0.19130142077528234,1
0.06399049945321744,0.5799490391836636,0.39410824983953857,1.0445595651700321,1
0.025207317488423864,-0.18150879128105746,0.41196581378665587,0.027312712117194604,0
-0.7190527310182313,2.221330729560121,-1.923402137013721,1.6020051356481808,0
0.49537545139796557,0.9606061540260624,-0.408590997721492,1.1182354723383023,0
-1.3541632764847407,2.0456325159308184,-1.9464726833304091,1.2315550261131423,0
1.627558962798775,0.943312452181822,0.6451766742553823,1.9892134502713015,1
-0.3068936913983869,-0.785353278695869,-0.19132006759914555,-1.2349839582858348,0
-0.21181944413388681,-0.6462253810096797,-0.4009029980351071,-1.165752969531282,0
-0.32610699302157264,1.6775022172450802,-1.3232823101818296,1.3341910448705907,0
0.47159227235154244,0.8206214869639861,0.7675097902889934,1.6854713034826585,1
-0.4537240303146427,-0.6785659002504592,2.328157896285396,0.5075944512355995,1
0.2504351381225006,-0.6526299892690636,-0.20793539812272416,-0.962490467637335,0
-0.2441428743249835,1.179967985531138,-1.2704120758950075,0.7163837661346837,0
0.79275847284762,-2.2916506995146535,0.2532266454802675,-2.760998648224494,0
-0.3611661939399138,0.8640993916664906,0.7646340151583949,1.5847761204857431,1
0.09799244604508228,-0.7177661796131951,0.9050035991814203,-0.35991897381216864,1
1.436473167438571,0.9345587241199506,1.7378622764026768,2.647047145663296,1
-2.976187601251005,-0.008764774352796321,-1.4615512007761056,-1.5172823222971794,1
-0.3099594064346255,-0.4879338736829919,0.5906666254136024,-0.3315939559080442,0
0.5430795374160231,-0.9411791750138407,1.2372536124547346,-0.36105652039500247,0
0.8872117630506495,-0.4418948895958851,-0.34260780704923177,-0.6465934838686971,1
-1.2438602015479199,0.4343402135812364,-0.4883501697641454,0.032531695562950935,0
-1.0484917351366172,-0.8918532886394839,0.7406628200470293,-0.915946459857579,0
-0.3474518688559586,0.2540589706962562,-0.06273671041098189,0.23472117925823688,0
-0.9998436599243082,-0.01694089160814882,-0.03953748688082559,-0.23695269361584548,0
1.0089221929712542,-0.6099366486687638,0.4932224465109878,-0.3092780367494635,1
0.9407509640457954,1.2954544311605007,0.2530578991513813,2.078753984478423,1
0.9942378875922953,0.6430359406664018,-0.8410143191093633,0.5071253528429187,1
-0.08951905761446144,-0.21686771155479106,-0.606567789551777,-0.6995239699067866,0
-0.7593845075228717,0.5873196937978155,-0.5023071139920737,0.32016550775058006,0
-0.5328521967470695,1.001427759252648,-1.129011753093158,0.5137081556191727,0
1.1188335676599968,-0.1998827546435928,-0.8391618004669512,-0.5988996682617631,1
-1.9150956958296057,0.8486895608592544,-0.41553532282230043,0.508706084412041,0
-0.07108234797804724,0.5846995479069131,0.05778712106818895,0.8082498321076175,1
-2.0217679767051493,1.2249997551476608,-0.5739473982037896,0.8910767901720071,0
-0.0544760265989106,-0.17086637145116848,-0.6295021822094181,-0.6460125474433226,0
0.2932504113537009,0.6184592438345117,-0.17594889879915365,0.7713522579096828,0
-0.03094571302018001,1.077501219880182,-0.678512129371414,1.0014044223143095,0
-2.1574193923102056,-1.4169197464224808,0.16026736857602752,-2.20438977891549,1
0.9826088672524582,-1.2580573985878256,-0.4198489175432508,-1.7733142242154907,1
1.2028675700851517,-0.6051498007858926,-0.0669200606207545,-0.6279856192090014,1
1.0802118633633273,0.9837313221835037,1.379693024416408,2.4144747791605212,1
0.6314007635949483,-1.0832528043638059,-0.4136237736671448,-1.6010834703851577,0
0.7832856465641755,0.8363873222395907,0.01940613696650717,1.282331094616754,1
-0.1762216142631038,1.6413570866435288,0.1438634116883108,2.261450316115498,1
0.07228801696250375,-0.7122952142574059,2.1724812124119426,0.4610858155262324,1
-1.412293536225106,-0.30805206901871707,-0.7197718608976915,-1.144588297934635,1
0.5637947435211902,0.29910373088573367,-0.4485554566582499,0.2179652236744185,1
-0.9085467224141197,1.14070032263028,-0.4022838052812858,1.0989423926965194,1
0.9122121255157742,1.143334305358977,0.6864570243108917,2.149188295438715,1
-0.6610718379082452,1.4003294182569896,-0.15213858301928096,1.6554668106625288,1
0.7933426564174042,-0.4517593625989699,0.42252761874581063,-0.18342933761665803,1
-0.10433276836905281,-0.5237360602608265,0.8117378861389268,-0.19804990164388947,1
-1.6710185207628945,0.37674030166503414,-0.5793950023989388,-0.18414623652192086,0
1.0375220930066742,0.12772515272995266,0.4929664653047715,0.6854925589698917,0
-0.7661541883805896,0.8290619371849643,-0.7120247196202758,0.5077414109051671,0
-0.1747012581325828,-0.9039943327573359,-0.26526600037071124,-1.4169405221591833,0
-0.15928855186476626,-0.1535909079932185,0.33724575579381033,-0.01830860774453391,0
0.7206170034402615,1.5224056373555068,-0.8537427219850307,1.6268995457956716,0
0.3456299276151812,0.30368064765168395,0.717117295256682,0.935704819599037,1
-0.9953415784557946,1.7639816101867312,-1.607631898077635,1.1402699326944727,0
-1.0854938407022434,0.7037783576312903,-0.7552812513586792,0.2514779442145618,0
-0.259475869156937,-0.13987489069183612,0.2978567420535748,-0.0442537780937553,0
0.37609938037612856,-1.562332317365627,0.20729919935265917,-1.8909453672063756,0
-1.7792324541390687,0.5373501840622347,-0.5015477213582794,0.061154274933653996,0
0.30253347618355664,-0.6695221345441694,-0.5263072588055571,-1.1809177300711615,0
0.2911556117531803,0.779177490413594,-0.3299574210175493,0.8870966008832328,0
-0.29318992665575416,0.8783696320662272,1.2319757945975662,1.9185495890073996,1
-0.4831226441148961,-0.0020875310057337916,-0.5874660602782675,-0.4733534148726798,0
-2.675733955858795,-2.324747121885306,0.7262389383604528,-3.154520320876804,1
-0.4726091360877996,0.5000267412825242,-0.3233182961264889,0.3727756888630819,0
-0.266568376068531,0.26271588649358024,-0.5820627142178325,-0.07377374862583008,0
-0.6676549055075689,0.5751667380571278,0.17596973471693417,0.7591948335415899,1
-1.206140632897032,2.304430144015721,-2.123600602901463,1.4922688643829418,0
-0.25070434729879865,0.8139277626322553,-0.5097866116620171,0.7153195867692449,1
-0.854456675531265,-0.4482373160757127,0.5646332989905258,-0.3979145740359382,1
-2.211830561147074,-0.37312273239319477,0.45109951488318534,-0.6266394046069024,1
1.615643364448971,1.8188727952226387,1.2409252094307703,3.5462123601196955,1
-1.601556145456825,0.8814268329534557,-0.6401186374543404,0.46676174433352546,0
-0.40162085846966605,0.2497053422488324,-0.07750967428547362,0.2091178538581836,1
0.5173634404010972,-1.534993528579889,-0.0714947944921161,-2.0076524475954045,0
-0.2172102202401745,-0.6203809426894515,-0.2721184586078017,-1.0489342493482343,0
-0.015419575123330143,1.5184790988773393,1.9084810449996608,3.266524407315942,1
0.037115151198366614,-0.33899549996743455,0.5753591775902829,-0.07618413867273954,0
0.8877966241381627,-0.8616963806514636,-1.0892778460394326,-1.6918145317204156,1
0.47342937024052223,0.49114664146904446,1.1584163502255609,1.496284299268199,1
0.5431977982373988,0.5726469487569085,0.41383985242943755,1.137944484136963,1
1.1716581961889807,-1.112398109701223,-0.4364574424451464,-1.5529665306512144,1
-0.16907678469421028,1.5551171998758437,-1.1586498995311088,1.305969701200317,0
-0.767451139907412,0.32658831956690215,-0.275825801388502,0.11514234784209293,0
-0.581664563092682,-0.1801327668346411,0.26409223574436735,-0.1808671700576292,1
1.4970132621598828,-1.2506950685096359,-0.4902142636550992,-1.7117983080387962,0
0.8788601000538223,0.4310345261506703,0.6937715338749763,1.192101096979318,1
0.037340334711707335,0.6558299503664247,0.6047901898112398,1.2773757204170026,1
-0.5643570034369249,1.3134841267624062,-1.0669791550586605,0.9664309556112873,0
-2.6837198114800525,1.6264689692561791,-0.4141058012555398,1.4079256249149106,0
-0.7420938588714626,-0.5120668640725253,-0.22155338601786267,-0.9700401213607507,0
0.8841177049614841,-2.0429447145593236,-0.07303392521961832,-2.6208235077292334,0
-0.008587263179914206,0.04348927552041681,0.22433658470860118,0.2015911647764983,0
0.4059117037176557,0.9276254504807098,0.43001790243259275,1.5986696821977076,1
0.06835550183988082,-0.2572394130154922,1.3796083661053968,0.5587548697890506,1
1.2541240398127214,0.07034406187952058,-1.2370087725890881,-0.4677938201314784,1
1.5064622242783399,0.9483113457202446,1.8012971274051741,2.7196694732946782,1
0.41095108689703796,0.18431174269254696,-1.0421857128633063,-0.34822501842611764,0
-0.6845907956409067,-0.05632872163568436,1.8060330405263918,0.9615461761727817,1
0.5219569277373342,-2.5356211576717276,0.43892734101728237,-3.019457717363439,0
-0.7194473261629277,0.8569773107896624,2.866785821038986,2.865141948579045,1
-1.2900383433899907,0.26640796009918666,-0.3588643190520987,-0.11783651415361696,0
0.013949917709498494,0.07361919935592773,-0.9602677321213513,-0.5187362009795613,0
-0.571386556764811,-0.011705937315577895,-0.5350713116499727,-0.46907788928729355,0
-0.542150233784854,1.8317919852644096,-1.5461228629735173,1.356484031673408,0
0.22615642820063464,1.0213087667576324,0.858806467266783,1.9673220689300335,1
-1.6522107921236915,-0.2763618938813005,0.013189990483284064,-0.6740205451510088,0
1.2448448932634801,-0.7269637403986339,0.9136210826848432,-0.15025331836599765,1
-0.8973209147582877,0.5667939031796847,-0.8444269175565405,0.04566370041271928,0
-0.1398965091219887,0.07865001896433281,0.8034218262228486,0.5979404151497895,1
0.9358589963665405,0.46729551340932823,0.9491974352035493,1.416450528980147,1
0.0474971704036099,0.8026345130309285,0.5401763622082183,1.4344973592564325,1
0.010960439995246873,0.16618504885499327,0.10500776825026004,0.29281022061063966,0
0.4501163725929177,-0.3930660563170326,0.7616889147122716,0.04955482580579185,0
-0.8945932963807983,0.4009262150333964,-0.051420529688562255,0.33578566651698477,1
0.3076939115419994,-1.285257996248704,0.012060792709286339,-1.6582548773175696,1
0.4057533125196958,-0.6492682612335939,-0.4134898087128387,-1.0614123377193445,1
-1.3615999023437055,-0.8523356828227256,0.9777763674810711,-0.768902382317556,1
-0.18191986277860717,1.5819679836489091,1.8391804451787004,3.2755159031186576,1
-1.2623111598312682,0.252862647448947,-0.32609173393538715,-0.10961011022174783,1
-0.9230818106350767,0.05905043279499503,-0.49537198895758083,-0.41489775346494195,1
-1.5050446510055369,-1.4983595749141672,1.0985567620270626,-1.5845863093250463,1
-0.9847824468646287,-0.14609399497121467,0.6452457260223051,0.034859000598602974,1
1.1780219961727725,1.6968245909600168,-0.7777132864527643,1.9962962696607078,1
1.2804431927180135,0.06690564675750375,-0.8553055581336559,-0.22094139457301842,1
0.6393333706228883,-0.3905023403182136,-0.07510156605226959,-0.4516821838079539,1
0.11984144062928048,0.4662421217062633,1.7472169036707197,1.7763834852957698,1
0.5488937356557729,-0.021791218346457215,0.3003506599743776,0.2683192546433768,1
0.9138316563629105,1.977428629883576,0.7377633085809818,3.3015248004041555,1
-0.6390598394204515,1.087760848474776,-0.9188550380209395,0.7451918167005092,0
0.15448573619522799,0.03382669146572038,0.2737233172494208,0.25129823596923684,0
-1.3067989655819945,0.10865314218212657,0.03401998028087455,-0.07890186992408565,1
0.4526355780637662,-0.6503501124642238,1.3993517566811557,0.11668834568733805,1
-0.3116506016699627,-0.5797268400525117,1.4695545754459576,0.11252274968129233,1
0.1884088668861913,1.437721078901106,0.535603473058167,2.3100762829524975,1
0.474359867741152,-0.8668458280100503,-0.3318269246521295,-1.2875980541820073,0
-1.6838321600012562,1.0160834475563145,-0.7599127579514067,0.554508625860437,0
-1.8239606231868708,-0.02173280561720865,0.23381249652726466,-0.22238651314906832,1
0.012830784520428962,-0.7791383983161371,0.9583555223991189,-0.4238651418125663,0
0.3854199661562281,-1.4330220079128457,-0.013093994262417696,-1.8580490879419764,0
-0.7920107927769471,0.2131676327684935,0.2582862695434487,0.30327990536791677,1
0.7871410618778512,1.3904793735951992,-0.3746516658567878,1.7718707477792022,1
0.25585647250523713,-1.6018211145360925,-0.17931722971021075,-2.216281170683354,0
-0.6494592344917562,-0.18172953556950996,0.22841057376405893,-0.2188462965231448,0
-0.7850808485056144,1.3933310468780724,-1.184240536409109,0.9561603825768519,0
-0.7557981726818619,-0.7532543013177913,0.6549662717225984,-0.7301256022562606,0
-0.8823027914343677,-0.6076073162669732,0.5248691080597967,-0.642636203580655,0
-0.08403013553319227,-1.0169449693815997,-0.5063865320945684,-1.7070584181585038,1
