feature_0,feature_1,feature_2,feature_3,feature_4,feature_5,feature_6,feature_7,feature_8,feature_9,target
1.0385241390540334,0.49891530798237216,-0.13845598398377382,1.2897527540827456,0.6731813512699584,0.7533416211045325,-1.7607627591558177,0.5655096456315442,0.38115838488277776,-1.499951395081174,1
-1.4499770959773357,2.883715212818545,-0.039307287627631186,-1.0166831285764972,-0.2440804736742013,0.756788679986982,-1.5355721232071058,0.46926758980852623,0.6124687940136023,3.0275079744824414,1
-0.6306571240397534,0.26136117743969056,-1.2693304965466992,0.22526411724754952,0.6927227551168594,1.7549330716472415,0.32159321133923857,-1.514470309180767,0.01840163078343813,1.057972038623782,1
1.0231031936966932,-1.9792603078086493,0.24333944932269183,-0.6919080698812444,-0.045586016355497805,-1.0700847663261526,1.8466369960476658,-0.09917586377938291,-1.5255251709247388,-2.1217440256252518,0
-1.1292171110107099,-1.681109480210551,0.20726732939894396,-0.9218598131253132,-1.0039573720814985,-0.08343796979036086,-0.6500239344068982,-1.496529255090079,-1.44964521969853,1.334130179317101,0
0.8614296121458017,2.030568346068274,-1.3200225112207058,0.1946074552372427,-0.7424705856980482,1.695051040430753,0.043602446372453724,0.5514853760404675,-0.622649361734452,-0.8227319351530024,1
1.0022099381698253,-0.2531046387346705,-0.429405541125253,1.3641404299738442,0.12522450264790727,0.5524899544171478,-0.019637798926681216,0.440474737960399,0.22391413406466143,-1.638986977479075,0
0.8338975681326589,-1.0328560583002782,0.40825275571447184,0.19584525509768155,-0.978372777615032,-0.5397596803093615,0.34758170536167105,0.01843393306539316,-0.7783047254023127,-1.5780749611818716,0
1.412568392745915,1.0769101263287968,0.0678555105274033,-0.4473218956587512,1.281016361735113,1.8732977762175456,-0.668144085538994,0.9192289345752035,1.0800480657146485,-1.9363606829040316,1
-1.167772534062526,-1.728365289411788,0.5720574417141441,-1.5311075025557221,0.5142547560178349,-0.22939074406802776,1.1695899924277735,1.0473177066214483,-0.04347694981386243,1.382326108984543,0
-0.2622117296490959,0.22205933389618437,-0.5312142946075985,1.1797252083607102,0.1941076309533577,-0.7179188907476018,-0.513196364513396,1.2179591523055584,-0.23052462518025083,0.46943707810481483,1
-0.6955499282047096,-0.761922766895587,0.5752050161065663,-0.3570292008066094,0.8903831635197862,-0.07159925185806683,-0.29396694766418224,0.849102110743144,-1.5178737466808094,0.8930802089717498,0
-0.5198392674107105,2.043970231356054,0.9242701395378298,0.003375506597160999,0.32782117284308526,0.5346290861224353,-0.8682927318763665,0.38961417737090387,-2.6357477390168778,1.348719096908522,1
1.0434136458040335,1.265034022861393,-0.23893209916969432,0.840620026504553,0.5467335682013793,-0.9993022322949108,-0.022868062298882122,1.2969945465611092,-0.5047749212282174,-1.3079182961899263,1
-0.29627452435822127,-0.018847295225718597,0.7833905092825955,-0.46440426230938764,0.4620608932518965,1.1941094030473725,-0.6775646523356551,-1.7258067287905967,-0.9811655311396816,0.4601018741831071,0
0.6847172215597388,-1.0684051131041596,-0.0036025390905684044,-0.966976143129213,-0.047711356141979855,0.7858001586508322,0.7604146561442974,-1.5839028234857233,0.42545756178496474,-1.3531970802890547,0
-0.4064260650504969,0.9724911251509744,-1.5473039889383655,-1.3354815690998914,0.486036289417637,1.8876876573401904,-0.41360553342164424,-0.8603850107795019,0.5565531245337582,0.891405526119967,1
-0.40614183186166825,-0.2059031371104698,0.4625912928539512,-1.148794035158656,0.6663125009092119,-1.0858251288851855,-1.0872459388628026,0.0341524174880246,0.6793732829565033,0.5837824369105404,0
1.282907789828455,1.2673481796017885,2.006092888159123,0.18455130319703697,1.5421099525678756,2.5581992856682523,-0.5518581458924467,1.262584103427182,-0.5642475986573886,-1.6832108239632524,1
-0.27442005787434076,-0.3020960998811377,0.32405702822156063,0.6404797952008238,-0.19050310599781134,0.9965705105794472,-0.39247110606087293,-1.6394841625254342,-0.46649537922819795,0.35196474934928856,1
0.33278788243246615,1.2307244776743804,0.6157711497711416,-0.6176518954343502,-0.31607285602704976,0.08865759096143744,1.2361307218062179,0.9653974845911707,0.1973157074055956,-0.20150596311500668,0
-0.8681920969253764,-1.1222399638846376,0.513085420097293,0.8623934723827588,0.9531250453760867,-1.3796181647889305,-0.971656734541286,0.4070522871245351,-0.6267172245899651,1.0701236974527633,0
1.0401168815307573,1.3279431633123524,-2.172669546014036,1.1070806692869728,-0.12038116395359824,-0.13263374638257355,1.8998819348952156,0.6725737012027313,-0.9745293046706415,-1.2863451015664606,1
0.3493879614893962,1.54472261709004,-0.5286166817497568,0.3996879517526416,-0.651356893791829,0.18102155870370695,1.173473857485325,0.6628812686674127,-1.2968319479558466,-0.1457092485143079,1
0.8317907855947343,1.5489375921877502,-0.4830610516834395,-1.5811907020321334,0.8950383140761154,0.2671266510114834,-1.5841359430054898,-1.803139676255945,0.5087250232299338,-0.9017613034846975,1
-1.061429944583737,-1.5364108950118218,-0.6757080791616118,0.34767648353833636,-0.4872285641135523,-0.5041798310076715,0.31965182591897723,-1.7785875840065168,-0.08152267310164589,1.265454660322561,0
-1.8570914891204142,-3.0549016075145037,-0.684629825760004,-1.8665399513606162,1.0075136898369221,1.4196030045136372,1.321304032273012,-0.649373038321426,-0.6004235657387051,2.1184463710005272,0
-0.36027639433523234,0.9364568740996309,0.14488783309689118,0.24930859564172886,1.0450884740847535,2.012270445700765,1.090980425185967,0.38680852068920263,1.0237095461069814,0.8095785475900183,1
-0.907498696723417,-1.199400346493034,-1.9196731561976563,-0.04541121793223822,0.02538842054241018,0.8595878869798019,-0.5495571359085801,-0.7666565877833479,-0.3871306497895146,1.1117032789292345,0
-1.8287403993288174,-3.0186065993079962,0.7197579421481819,1.804348109786743,-0.19090379172729868,-0.6414869090443096,0.01914777741575206,0.42588720619303577,0.487872284871074,2.08340935813606,0
-0.5261975134609931,-0.48293059306752006,0.54711911517521,-0.2628908292082677,0.02246589281204638,0.7846042878980238,2.412615421612916,-0.19102776260016902,-0.01926037973439464,0.7000007879250747,0
-0.13829809654315472,-0.9470995938609758,1.633431532301096,0.6387302220291846,-1.1430049127304835,1.1055259329579838,1.050654396007612,0.2010990467149675,1.1870303055603801,-0.02981995313595942,0
-0.639106702034148,1.5352147308291886,-0.1755639454992155,0.6855077387902041,1.8486088332964115,-0.7309562757154733,0.35845361820962024,-0.5353350870162231,0.7579218499236196,1.40329474125538,1
0.879179795612286,0.3396191176628639,0.4599721429391164,0.032004149065766624,-0.7534178703461835,1.301741289398798,0.2992925804064919,0.742095372009307,1.5615111967268527,-1.2913783937527124,1
0.7091461755642438,1.7239331321340785,0.7796605322693398,-0.21492103028873533,-0.30803428418574125,-0.4108142879545848,-1.0909664302151982,1.1267051368275833,-1.1057046684859357,-0.6636487945290817,1
1.0898833022853331,1.6213551606420644,0.14866745720211155,-0.213442870930208,1.490726136849952,1.5307508323436974,0.5999287299962045,-1.2096947428411076,1.2187618516973167,-1.2879705808847253,1
-0.3103458606388996,1.3769851269203368,0.8484308822052846,-0.04282338131157488,0.058022734808395225,1.2374381346841392,-0.0635245746153551,-0.8000385643976464,-0.45730165508679,0.8460448975765299,1
0.014100947771797353,-2.077344768507047,-0.4937565831613125,-1.2829922241885696,0.99626681944714,0.47704082722312147,-0.04692057887918407,0.3465038817307158,0.07682189106025536,-0.563642180936104,0
0.3359398643045852,-1.474710812909086,0.1664522082130561,-1.1227220215622986,0.3824097461840506,-0.04946370965243295,-0.21398884422550896,0.9843223984765838,0.6748194921666038,-0.911690288331391,0
0.730219026686347,-1.5376712912580188,-1.4026052717996935,-0.7019916878067554,-0.6629009175509482,0.04886007032570433,0.5432980290363879,0.12229750303228377,0.04059169120388238,-1.5469395906177845,0
1.3135835487421086,1.276441614676247,-0.9716140385106515,0.1846803058649084,-1.3471262895296965,0.13653533108273744,2.013387247526623,-0.6777153697521061,-0.3653215513121087,-1.7289872473949601,1
-1.2466194698200563,2.3036715649045663,0.43295982536069616,-0.3084827884558197,2.4267164863455224,-1.2585049106753345,-0.7095798547491726,0.054934110999848726,-0.21701705042437042,2.5571275256267754,1
0.6534052444058223,-1.0541646608146344,-0.13958962815517376,-2.8962553781936893,2.0883747047807275,0.3464884758979927,0.9163276747024814,-1.9982006845321076,0.9980101098596522,-1.3003395442704415,0
1.3391795665545025,2.9188384302796937,0.513907849658915,-1.0003313246055747,-0.6777449705248515,0.12637957954641182,-1.3459796802467485,0.8712972974572442,1.9389289990582848,-1.3410307701012523,1
-1.327924918209668,-2.018075081701684,0.3904648499288896,0.8508979621679722,-0.13737178839939665,0.26256132900192497,0.8743891807127275,-0.47622087354465903,0.19358991136754436,1.5581719024719738,0
-1.0345615316210834,0.5741527794568557,0.8604734883597454,0.30740669780910074,0.8157372125392968,-0.221253623585772,-1.1032083657216831,2.056207129940322,-0.27681329988892067,1.7734530801031738,1
0.25187988033331826,1.6610799669068903,-1.0276751409259581,0.09284490114111471,0.15985639199740037,-1.881849045497639,-0.12853751143893075,-0.2081168572725397,-0.5487249077409615,0.037664996369435766,1
-0.1313089815451254,0.3005084131633784,-2.6042138566271342,0.8868873900973003,-0.42076179368105326,-1.252393444413119,-0.01208894784605456,-1.4511756900515589,0.3636318826249679,0.28442955829602656,0
-1.1603707107183747,1.8693813895649638,0.9218015019772522,0.3674816654743044,-0.3135296861723979,0.17521141890851205,-0.8514064342603136,-0.22979963057519381,2.98525900260341,2.3085483603728982,1
-0.39972091653998437,-0.02712316349395516,-2.4238793266289567,-1.889540730945531,-0.4523063192490767,-0.6526239793023909,0.8406435489887241,-0.6810516574748808,-0.4461834332147797,0.6203078753932345,0
0.3812207652258999,1.0267397561091403,0.5578103063518622,0.8177662992002871,1.3902075490173134,0.4746982328799528,1.085895565831578,-0.009118996644203544,-0.025026958745143917,-0.3306968889829338,1
0.9179318457865328,-1.477763331313854,-0.5020542243526112,-2.198805956620082,0.4400144500533324,1.8811570694405901,-0.5551995266931984,-0.0657502610729878,-1.448013900416244,-1.8259460113942876,0
1.080115136648536,-0.8939135400271759,0.169360824036078,0.5387559924463692,-0.9206735930793662,0.5583269125217224,-0.05576907765770601,-0.7050118557584089,0.0760053914124115,-1.9283046883548542,0
-0.7923878040239928,1.4901544207791289,-0.5098066931908826,0.19042388992505774,0.44921872128503426,-1.8697416996954206,1.1539007342557472,-0.41142660711600243,-0.38852077518300926,1.632129585241044,1
1.1462735503864683,-1.7849282561268736,0.34272534637770413,-0.0821511783925688,1.1172958315881276,-1.251539424190444,0.3520553965142968,-0.24123605785632987,1.4437646040732595,-2.264407543269158,0
0.498633161302687,-1.2891512819974444,1.6839276914578687,0.22445181855997204,1.0470983026121545,-1.2257656630023412,1.5739867632900328,-0.483186462299374,-1.4643748802098202,-1.1186734329191477,0
0.22650352369876026,-0.4084486502458321,-2.8485426206300755,-0.37061433208610595,0.7716987106483447,1.1727290192593647,-0.025554070991445278,-0.6716233679380516,0.5436001545944323,-0.461978485847107,0
-0.907427544597865,-1.2612413695044133,-0.5426737997340217,0.5008444749444569,-1.801057734152739,2.2313001461926323,1.732514999485092,0.14294309476370676,0.6380511014407572,1.0954712439975993,0
0.7532859523737597,0.9610043788364986,0.12320480678448567,2.1709427174978138,-0.1758858124323366,-0.24606248812994858,-1.6019658118971685,0.0754336389015928,-0.8432465953161917,-0.9318038010701569,1
-0.1915682594444698,0.07471986239492467,1.9541574337502863,-0.5923559556520536,0.12354769595558233,0.6255080168310357,-2.100026507651624,0.3676492929914216,0.885231482988991,0.3201516896887098,1
-0.6632909480925947,-0.7452888468949947,-1.0727430257398065,-1.9792998103757877,0.7479102561175338,-0.1681438185847896,-0.620847598251116,-0.7877837519082389,-0.47209057769712737,0.8467844655066205,0
0.5246527944035895,0.35392141024404344,-0.5327008396619114,-1.5947030672667954,0.5136001065697166,-0.14760258629866868,0.32316771418478146,-1.7684393655628516,-0.46603650186824225,-0.7312056533977496,1
-0.8387442785024446,2.270712903506255,-0.12270893359572414,-1.6548874362282961,-0.9600462952794637,0.7324921027798023,1.2723535001067678,0.26402008133367,0.28872366282502326,1.9083594041407879,1
-0.5400212763471621,1.641024076359519,1.8709651753717822,-1.5859833122379583,-1.879924385139045,1.0213832954293984,-0.5647740041709423,-1.3776175007542373,2.088442772869925,1.2753579142672273,1
1.4572830063579738,0.21278346407789672,1.5284684264125317,0.0570131248970845,0.26859227886325693,-0.643518230380143,2.165002344901084,0.45588777208160763,0.9278401280812372,-2.231797602391306,1
1.1788379040049781,0.7964732719334394,-0.2813275571182134,0.8840453963610497,0.7368438970924334,-0.7472116791478234,-0.021367294348436157,-0.2711236010425688,-2.4242402602729416,-1.6426138556182495,1
0.612116557743698,0.3513903103363939,-0.8181988834223072,0.7783610761666377,-0.5511857163285334,1.0240625258114624,1.2083662305931424,2.061503576636398,0.5925269492011831,-0.8691433683778892,1
0.3775385901134524,1.1564397277152225,1.6246784584695606,-0.9533286082587124,0.12267031599479553,-0.7991920066502536,-0.6459641791245353,1.3748764191481848,-0.4827435221820324,-0.29110813039117855,1
0.32753830413890683,2.1726540955623355,0.2935579321666293,0.7942646796218271,-1.2542894231692494,-1.5625458568865427,0.5159392177040995,0.06699071722487192,-0.5290526773462948,0.05227020612895661,1
0.8253024661733447,0.435911321021888,1.4775300810552618,0.9553052085705107,0.08840688629184736,-0.4532280493272752,-0.17018462252492844,-0.0033744574109520514,0.6963874474567153,-1.1817148484507967,1
0.22895338945044172,-0.7935677882807268,-0.6389617476895022,-0.9913923494563072,-2.153390113603715,1.5945050632249722,-1.4400508825942944,-1.0962750868952018,-0.8469613483183278,-0.5662142700967483,0
-1.2275839882286579,3.341835919206616,-1.2457173764463845,0.975816719344709,0.9184544439424138,-0.4173668136050844,-0.9186865114860944,0.5555126463422483,-0.2950899142379063,2.7978732210880826,1
-0.5067871092196481,-0.4328749970306689,-0.32789471651291785,0.00020706491819709385,-0.009300321138614417,-0.8224199323822006,0.152354872033722,-0.5240883979345925,1.1210306673244714,0.682583573640529,0
0.9548826865212007,-0.5902795228475586,1.0531528533329035,-1.2767485758203094,-1.0810565404082624,0.20768768716311115,0.42961821913258585,-1.6609609335159914,0.27157883719537346,-1.6525977281707571,0
-0.6191318683767486,0.9714121615642203,0.7597122954841684,0.1435879365051602,-1.8179792253871547,1.2189707897936632,-0.05658848889989584,0.3099989831655551,-1.9511018640386248,1.2249746500826588,1
-1.1772355215807864,-1.725242720222989,-0.7728776678236091,1.1241127199860135,0.9475264621228578,-0.018708756445897416,0.19473619471877485,0.655900776529761,-0.38851845308888583,1.3979926247510115,0
-1.076390904819742,-1.579463854506924,-0.234407800316322,0.26348721533105957,0.2942241290134937,0.6897078052451944,-1.2922626951056186,1.3814540786904865,-0.5029747705513431,1.2777136984810111,0
-0.43929613723444383,1.510430052655362,0.4818660617184915,-1.3510743662080213,-1.3224579567435701,2.9490944253087252,-0.8254105299789551,-1.085150526557798,1.2446795807367868,1.083223233012523,1
0.4503145843892352,-1.4258544241983118,0.6337768809320985,-1.1875984190295128,0.3098207102270275,-0.8353470532597573,0.27899416222380197,-0.6734906242438685,2.1451491277733883,-1.078470448816022,0
-1.3568411752790994,-2.067808948673076,-2.296180953137238,0.6012067489291149,-1.4438548161335418,-0.4501892648514116,-0.13944627568099954,1.2038844371688162,0.0005279588565972928,1.5905928046249287,0
1.5216606792734706,0.5340035161826429,-0.0332299906444608,-1.1437262073206618,0.10855970577652314,-0.6124373746404379,0.2871241652018242,0.9531366339132451,0.36150352520610163,-2.2491071921059023,1
-1.140939903422315,-1.6819544085519833,0.03279699541158651,0.34378788154988543,-0.04865235157045115,-0.9637589262106109,0.26028050658288615,-0.413465161123276,-0.9571509148950429,1.3523093262635135,0
-0.7779689653248484,-0.9796592876438188,1.0602099074988798,0.47635776935621926,0.5054701591666269,0.8071225966373103,-0.49163618563204736,0.20965941527462578,-0.9735461997044687,0.9656819373012828,0
-0.9391681158511912,1.1426613582481409,1.341475915530881,0.0036956718478473255,1.0114630354083562,1.4816634024625988,-1.0589075870566005,-0.5057467042619367,1.9625871905307948,1.7719247617304328,1
-0.7527647761791187,-0.8244971029123298,-0.835142901630023,-0.31984752325484395,0.15175799224874037,0.9873345165891019,0.4663583744463345,-0.23401985910698136,-0.07595102364252276,0.9665697179330851,0
-0.9691869052362023,2.077417331727192,0.3721054726068629,0.2806364044901364,1.7586204841951334,1.4641772387524374,-1.1119670257741636,2.620793091029975,0.996858773465808,2.062707228016542,1
0.14754393052183884,-0.20899155669112268,0.19063559126502433,1.6999573745763805,1.0715431522348857,0.19729226563120644,0.4631847952675847,0.2965755451407618,0.3113086734428849,-0.28605488618523256,1
-0.799483896239937,1.8138219841272072,-0.9077561801469204,0.015618333949603047,0.9022771737866472,-0.370508098590029,-0.7847619081277034,-1.0896330373423884,-1.405567019178642,1.7276389706374697,1
-0.2040967423542045,-1.1851324613590357,0.609138120907177,1.2360931752104374,1.091310120594269,-0.9039076414647897,-0.11122606134870032,-1.4137144969049802,-0.7355299425897666,0.011404663387525993,0
0.928756427587104,-0.40563492462056616,-0.998354040738791,0.23421473253652075,1.5505004928140769,-0.7677975651041284,-1.0041407667520679,-0.9186519464841982,-0.03468488738678118,-1.5634594238636104,0
0.9160221627842393,2.0467917956437494,-0.18289644110484016,0.020793707675407894,-0.7280029412291344,0.6191542610051978,-1.0097307047099375,-2.3629324355418384,2.0574954697116987,-0.9041881220627823,1
0.5547037702082486,-0.4244328953880673,0.17989415115347845,-0.9885911071509175,-1.103589317215771,-1.6929568141953855,-0.28067507686677406,-0.7539645888666763,-0.09833962679474989,-0.9812687589787357,0
0.5937829481786593,-0.08572658988513537,-0.810252437014381,1.1647393544571714,-0.7345915767980492,-0.03564148229748357,0.46642998243352635,-1.356581804623405,-1.6151318159055095,-0.9543131202169164,1
-0.9814482083650411,-1.2966157269858298,-1.1225448062444139,0.8187776437548606,1.5379319184125528,0.8113965544915921,0.8297324178791745,-1.2995812369275976,-1.1482632887526183,1.2024284946561457,0
0.663944757265989,-1.5995375798245672,0.1998104337187135,-0.8463159774657358,0.543479378670093,0.10575379127148042,0.9113627221747217,1.987275999230808,1.2637066776546686,-1.4590463827084115,1
-0.04068281996316879,-0.04293599249942914,0.647195939702741,-1.6685840738775894,0.39922312260527926,-1.0227925651984056,0.6135179727304166,0.1200313267182613,-0.2573765374233451,0.05266103010351331,0
1.0501526739863445,-1.301790446501676,-0.38770155993598415,1.7958776730955217,-0.6127886904843862,-1.515744114997232,0.2029230208512997,0.6329318177555108,1.5475052013300616,-1.987600372014336,0
1.0856274347393364,-0.7134349124598443,0.4190190093660452,-1.2096410186912054,1.6725723868377034,0.37405656984757213,-1.9937356425714554,0.8335289616089246,1.2276689924732922,-1.8899103430424482,0
-1.315497461708621,3.4060599415263977,-0.06418817710849775,0.7450053128772811,-0.19469729611668168,1.2958717818630143,0.09806753953894455,0.6686548047579066,-0.7188323876087304,2.9525985271467228,1
-0.6683596564321073,1.0089836024897259,-0.9263811299815384,-1.1308884353259157,0.47363207681145447,0.606850593215671,0.4200944904518413,0.4826878872092127,2.0565435648295414,1.3120335643025487,1
0.21608176807241863,-0.9719018504200532,1.188393273448084,0.2237879516388985,-0.016422896072752075,1.7945578635177877,-0.033126972873797095,-0.7309300399419191,-0.5176112990361714,-0.5924988262822879,0
-0.013625417997129364,-0.012340163029788576,0.23321613126350166,0.018849622944847662,0.7082144232565571,1.41093237974627,-1.090399077442846,0.44194064956940904,-0.09858813228426173,0.018168883910808065,1
-1.2417295923414495,-1.823536384222654,-1.111457956937032,1.2816437950037687,0.5576910607251245,-0.375196380323937,-0.6163614080394775,-1.2601647651725802,-0.31771509675623405,1.4735960619856516,0
0.8554848963908597,-1.5483830892220392,0.4241659464019164,-0.48388583405432156,-0.32034730819432017,0.1979107834626478,1.7359638031652493,-0.6891878180895679,-0.6514180036144483,-1.7463417409915598,0
-0.23083435050424544,0.11314868307786896,-0.6619821777966091,-1.3631740045928105,0.18970616761039566,0.46217266608194285,-1.5981243518837476,0.5885532697707198,2.0243096232868525,0.3917988133794995,0
1.334604051338978,1.4084697057506956,-0.6690727386599166,1.4711703274936085,-0.20932367715186612,-1.3719011429313563,1.7117084801423434,-0.172946059923423,-1.6135613978767411,-1.7275634623096225,1
-0.5002014146559344,-0.41752416635224143,0.7789365035121141,-1.100154232971695,0.4395012306202264,-0.6172531865469232,0.8389405004696122,0.4215866106144557,-0.5583017539460305,0.6762486244263638,0
-0.37106658758834565,1.0716510926706226,0.8902475008365087,0.8545252270666157,-1.091933900395313,1.0305805856240573,0.5107920885275947,1.5192839236417688,-0.6578345538521371,0.8617558372250251,1
0.48731278846083376,0.5062486146435257,-0.8848027140269009,-0.933267959073196,-0.4432822511915103,-0.15852957302697002,1.1965715016644913,-0.9730689408815555,-0.02730453950993186,-0.6328912290935631,1
0.4844522242255324,1.2607411349837565,-1.9663565893760018,-0.8392096673390064,-1.0448091940210336,1.0725073373098022,0.538296079049633,0.5078357562896237,-0.3649527295428853,-0.43172472846683807,1
-0.19064993367926816,0.38924780260317104,-0.8866809222834573,-0.3078084711388841,-0.838585798447231,0.681359510442948,-1.1022921498364233,0.48387665118803974,0.4086073077017676,0.40069965725097445,1
-1.4698580657544964,-2.3113470173276895,-1.46752526575244,1.5490201514951873,-1.2391070756539009,-0.573601772896901,-0.3540407109410238,0.591814133741378,0.1018562952619867,1.70449330661988,0
-0.8755439005730957,2.185550229558374,-0.4516594761596227,-0.15083771156669531,-0.0739475656083926,1.5730197252148563,1.75547569831549,-0.20447122098612153,-0.46580556911816284,1.9439181915958008,1
0.9216975205562765,-0.9597312910243843,0.5839281853259639,0.6818914896263114,1.8467073257360336,-0.48943944251822213,-0.5308687729203206,2.5269324258736217,1.044160877069072,-1.6968188064125425,0
1.0001100566163406,0.018353687873847058,-0.19634984908497827,0.23878915902651351,-0.2590421458207031,0.43004164719106963,0.38193545223155334,2.076747983560841,1.0302834540318422,-1.5649289479452992,0
0.6908025715183731,-0.042796303832749905,-0.5503051538454201,0.4940301862827388,0.2606737658239071,-0.6255627015095294,1.3800913541474515,1.4765403497258958,0.39580353343740904,-1.0953985347728652,0
-0.6374429228372117,-0.6631971283443199,0.6728612359668199,0.4384757388097273,0.019616657693989903,0.7153813154412441,1.114321694668872,-1.1808128153088449,0.7181857257079345,0.827614134436433,0
1.501222869232661,-2.2967967617024074,0.07863519031609059,0.7326400772155792,-0.08071658010858232,0.7276295436369798,-0.03722223650984159,-0.07160125941406395,0.05194588580729943,-2.9549457994600834,0
1.236959135175329,-2.432438422622967,0.597400069849858,1.1894704889246406,-1.2276078151369925,-0.24415663529064868,0.45353430151397983,1.613711269058647,0.9640871682883573,-2.5755314355072962,0
-0.22129937975806588,0.10913363941633669,-0.92951086019241,1.0352493347237526,-1.8461878622380938,-0.9242331442683044,-0.23040071420576733,-0.7584953347000695,0.8901984111247868,0.3757866719552242,1
-0.01599055103531755,-0.3815256823238894,-0.19068240076334658,-0.6237689606958051,1.9140313538667861,0.6127739050625697,-1.0399059271255309,1.1081828167375165,-1.0534155631736561,-0.07435608131501026,0
1.2743186851570973,0.01870541514795554,0.9039348410861953,-2.9213504834946074,0.4365598041576678,0.08614388304637476,-0.8275902206487197,-0.3670278390833223,-1.072139011985607,-1.995218821293704,1
0.5766039407388407,-2.018224120560847,1.1692955904456728,0.5072740311072977,1.066674689589154,1.1087035805829077,0.5906548306923093,-0.35929209078705954,0.820482181197364,-1.4311022064113956,0
0.13202685241051837,-1.1199352351678877,0.39379729821625153,0.48206672733538614,0.3687331473175197,1.8325570434792018,-0.3212427661179117,1.7388513518533313,0.8141517621182666,-0.49915971151211713,1
0.4854219913086719,-0.3189145823891708,-0.5711789897827968,1.7976865268495226,0.6408428612670098,-1.0016200098949155,-0.6819842479977986,-0.24717738252059693,-0.2811002928859549,-0.8450222970273261,0
0.6715006258346132,-0.7719184694049241,-0.07016571145864703,0.8339221545489041,0.4591800792284367,0.5597904479310398,0.6105857452838231,0.3801978510059632,1.0807807255546218,-1.255166680797463,0
-0.5199223643266515,-1.0144827365014697,0.42192075423528475,0.3287624103034804,0.32135721545027307,-0.7542758500193579,0.30263546523903323,-1.146345393018688,-0.06413834659299254,0.551589760766299,0
-0.9510466046637591,-1.3156191561251607,-0.8082657216409264,0.9788580507817954,0.08531814256502405,1.4223698616985077,-0.5975101946916416,-0.2515388860444957,1.7388996637975789,1.149758241532175,0
-0.5423593482457758,-0.5343451823115506,-1.1894118928673278,-0.8696630812746944,1.1254347844147694,0.3764095260975166,0.8178896580250287,-1.5537587660160643,-0.9020515543575104,0.7119649862847568,0
0.5813951508372494,0.1439570530860077,-0.5522230442809712,-0.8323555731042287,0.4714155563864041,1.4205042479898549,1.1890165311075518,-0.6373871273065177,-0.5707462937494763,-0.8749973717143906,0
0.9862356186529277,0.45979993674853636,-0.6022120603617805,1.66125921454787,-0.45709625658627184,-0.027514905050636255,-2.8722622132816493,-1.169916835710288,1.772251596669744,-1.4280788102510313,1
1.0595084738404692,1.396463332590444,-0.30317978283427544,-0.3493167961181975,-0.01941960588773261,1.8381836767951225,0.36728731340134063,0.8080577982811451,-0.22346598237185214,-1.298919552027468,1
1.4236127810166774,1.8198281590443606,-0.372833152091767,-0.43745830032341043,0.7223813578277714,0.41953244390702776,-0.12094814860778157,0.648280433843859,-0.8874921778021001,-1.7600357392001218,1
0.13979873005869856,0.710354967254119,0.056649924897107164,-0.6095122021592831,-0.186971302985446,-1.0651136630753726,-1.3118362323501596,0.010352619843380607,-0.30522470435466764,-0.03424856656316466,1
-1.065703466949158,-1.4715123391036478,-0.17435425790283585,-1.0196643386921156,-0.02355215087423812,-0.3340772309799405,1.1243533598705027,-0.062191016999311004,0.5646059258936003,1.2890795056412032,0
0.36988173319141926,-0.8821805830258189,-1.5763921569842494,0.8836599374866724,0.6523228784134196,-0.03850846950070721,1.0786808334312956,-0.45888426286894,-0.17262729994081963,-0.8105060879577364,0
0.483245255744297,0.9445995597781301,-1.1790397911598025,-0.9037018607301281,0.324359281721603,0.40373009033660945,-0.4316203127180484,0.9983108981479604,-0.024195606390916165,-0.5122402925852294,1
-0.6036756305949617,1.5417401596804547,-0.463161362085399,0.5517407999109204,1.2002617497388293,-2.832155598110569,-1.5193460754768424,1.0383788510193166,-0.4511588584089988,1.349385249072443,1
-0.5777876575684027,1.8336764231011158,-0.5888668267386961,0.2167755637626291,-1.097302527632844,1.4769344261182744,-1.5166425494207911,0.29562448874709507,-1.167779551267935,1.3848532758067296,1
-1.0083694688422664,1.0578711321986969,1.5628887685081978,-1.703871586826719,-0.9244659881295544,0.9514492770580866,-0.062004009366031745,1.2468917155347194,-0.36650702036805183,1.8584364670646,1
-0.341494582322836,-0.08296659644481763,-0.3574454228104272,0.006799844559997769,-0.19003903500149447,0.18474057889572446,-1.6076610271180587,2.0895387216947734,2.0236062192296393,0.5143623413686522,0
0.1806841682874464,0.9179537240095035,-1.6009039784765156,-0.22320225463480511,1.4898634386020821,0.1733416643704082,0.05088770185601806,0.16476084123651674,0.24395319790850026,-0.044304281011324775,0
0.14501331986258414,1.5537785890090199,0.5562300094006599,-0.25083301645504735,1.328194141849058,1.5013336519554867,-1.4218106667418438,-0.7567950885694608,-0.32267983884213575,0.1774256955328195,1
-0.3298691204842149,0.6141870696080798,0.38632331781156,0.241321934916781,-1.151014083619507,-2.529560077694303,0.5581395145185063,0.04351466864346608,-0.29660745906979835,0.6778456771883342,1
-0.34797397253107737,-0.16358590657770122,-0.409282438113104,-1.7690759048891183,-0.6947131310890582,-0.5089636257074988,0.39241596717876703,2.7596600389110777,-0.025574312191994436,0.5035166333578205,0
-1.1122432010444276,2.8200658825206517,1.7041055162554912,-1.405189846803575,-0.05240445057746945,0.8451579711843216,-0.2788833941507565,-1.92767257934561,-0.04889718347410554,2.480829196012033,1
1.1949060880594988,0.525450479730004,0.5112025995249807,-0.6540756831274238,-1.830632896856457,-2.703232292999237,1.0010460925671412,0.1895816165987434,0.6778753195309076,-1.7384821696562747,1
0.08484060581171679,-0.7865322207253462,-1.0147567306928669,-0.20358036010236177,-0.5816809139486437,1.628396623128538,0.5689830791852754,-0.5535882417079946,-0.3791277409874871,-0.3381894226001505,0
0.46887251328900975,-1.984656008705511,-0.05761879703358539,0.3649610024662254,2.403415585238275,0.49568188797260465,0.8700677306887542,0.21743287317972287,0.15041890514357642,-1.2532630228595234,0
0.24027603706287956,-1.0045902095116825,-0.6355578414044034,-0.5495402745955349,-0.11676591579524663,-0.8330560570007587,-0.08059974929676088,-1.7762463334664518,0.9153902755601617,-0.6389937239929366,1
-0.2360349971624069,0.713887955290732,0.6683404887180808,-0.006521315229458062,0.5987943895619102,-1.1376856704248166,0.6515219913395057,1.2748750412787222,-0.20149153394751798,0.5565586643196965,1
-0.30373752129051856,1.2457005197251783,-0.09546424708907303,0.34980002456790754,-1.0040545968420103,0.18383451632250436,0.3011073391917421,-0.3596296724524624,2.6930336639804966,0.8014503319788973,1
-0.7632727266225434,2.2015333679935996,-0.9958153947902291,-0.8953463223630241,-0.4081008391602206,-0.9254246260595873,0.08568716140335904,-1.0138959522925377,0.2553837556743171,1.7718704240549579,1
-0.29340776472451496,-0.03898194437295521,-0.9539394193966448,0.7307641190665245,0.014273067836434106,0.8925973382993092,-1.9701038177118355,0.7906255991627686,-1.2111719292807812,0.45035379528898367,0
0.8384218934065434,-0.9862420140308639,2.0752608726252655,1.3173940656343257,0.19759960469239965,1.0495527153193351,0.6351718016819695,0.8951932200277323,-0.535235211560568,-1.5730249947402062,0
0.2666853750896528,1.0839794114704233,0.32674476460232005,-0.4532484090230134,1.4524675344707454,-0.5081401976473109,-1.2207124259141586,-0.5505368494915835,-0.14778031881747153,-0.13600804963831226,0
-0.12047769971686506,0.5865757702528254,0.5820265670847269,0.6256309336460009,-0.6967718184295749,-1.232523314768509,0.8481742126666681,-1.3671378064602457,0.5522999376795232,0.34199979987710605,1
1.0458871855470973,-2.404757381529328,-1.331232953557778,0.9567023167945841,-0.7859894605079495,-0.1524698363805439,0.1335409047822823,-0.3091164642025014,0.7081086766885905,-2.26842053099293,0
-0.8554802789122388,-1.1088792567503543,0.6955377575657775,-1.0917008761393143,-0.387099702474401,-0.005596018829046555,1.6744924333475373,0.4577728661518858,0.6687416555925126,1.0536547752675294,0
-0.6044830064157858,1.011032266362276,-1.7858664919341112,-0.8484286341908146,0.5731278132412001,-0.9266983088473107,-0.41299782214343406,-0.5574230531083212,-0.03143917037477642,1.2123106061912572,1
1.2185215094728206,2.320572193670939,2.589563642018614,0.985729995679863,1.1873860515647512,0.4283070972076486,-1.0623935281468797,0.4523717962497339,-0.18714426500454878,-1.3076056263462075,1
0.9715226537912177,-0.6870046046155471,1.3842728185105182,1.0225704320096403,2.439752406339273,-1.389572466763596,2.2909425725907417,-2.499405714873573,-1.6453987469568918,-1.7039285640863988,0
0.5139858091080337,0.4060238973683271,-0.535963445114048,-0.9354387020445953,1.0859821161750323,0.738810480887503,-0.2595466775839172,0.5131057981760827,0.6153674840130534,-0.7008816137114627,1
-0.7163677298819627,1.6358127450850772,-0.5555467794868666,1.7349365758368085,-0.8567720938267928,-0.2885486958757048,-0.7094410024275466,-1.371673697230466,-0.7837535211244283,1.5507823630233935,1
0.7612765990192318,-0.7632140535019646,1.6777008140764407,-0.8036745679697308,1.6391168054440675,-0.08828204835125482,-1.3698029795790778,-0.5574917850078336,2.5797093376543185,-1.3938046938509472,0
1.558174232197797,-0.050386083783039104,0.7090037575885123,1.3291525301324314,0.19652116970147013,0.44770856001731496,0.5697672802322039,0.4567532191537839,0.6427227598675439,-2.458751981307717,0
-0.31716193103250306,-0.013972201341047485,1.9583474542205939,-0.2860042218801108,1.100959634998571,-0.9193845915864234,2.0740826697499735,0.23924686411114954,-2.5302875227463297,0.494156316949696,0
0.9669832886300241,1.1288898782334966,1.5213160519224513,-0.3223204692113399,1.2171585208254965,-0.9224101844985025,-0.3917581490438219,-0.36682441181468756,1.6153756894694418,-1.2234470170073029,1
0.4035623499070587,-0.518113832516571,1.0143700650181304,0.9826909839455139,1.6654744444625766,0.472597482413043,1.0291556373256436,-1.7025836042378404,0.25602973431387566,-0.7684663748923276,0
0.2541069045182739,-0.9797422006066439,0.5530400858523584,1.8180619225578247,0.7751554940347831,1.631856899089109,0.20232879642280202,1.7025146581296056,-0.7330329955239894,-0.654224596524543,1
-1.321879015680662,-1.9291811042359912,-1.3260476860820383,1.4484992298929262,-0.35976864578908574,0.501782736167545,0.1600182258527877,-0.5482872964906009,1.1173988159024608,1.5718549792017458,0
0.7604951340787426,0.1389624198527627,0.0030460201534144695,0.1704162223754877,0.1605739810498646,-0.30246968648812833,-0.6134026635409398,-0.33708597111803934,-0.38817681854122876,-1.1574040285447438,1
0.12637178359752255,0.20091040690576967,1.77080063563551,-0.7031764251258874,-0.0349884904969617,-0.09605989972464987,2.5600845382687947,0.12200981464536144,1.1492733262856758,-0.14597347952795114,0
0.3752301125493424,-1.716484160054066,0.1920491164900316,2.319329539981694,0.39331783939437187,1.2130976999791834,-0.3164084496948019,-1.092312764672579,0.14171691363990474,-1.036381998099431,0
0.9833057247077611,0.35282858417612206,-0.18047991359062565,0.883109777147159,-0.07783719701280203,-0.2918112689155441,-0.2523535021262876,0.3230792731160291,-1.563190808696657,-1.4513648939564185,1
1.2706087782378974,3.030602986812649,-0.78489831308224,-0.1340171666729177,0.014688194729197093,1.196631486645651,0.4446026682201407,-1.1958830620351844,-0.6097829043193822,-1.204272002200732,1
-0.4637567103042045,-0.29591666376025494,-0.42924442029866183,-1.423957152450145,-0.2666523292344148,-2.211861911329507,1.3728484746765302,-0.18039168176240783,1.5334337012963255,0.650747121026918,0
0.29686047259022486,1.4199109813145327,-0.31905393566661816,0.21319662823768915,-0.7519693317388191,-0.1601327955666404,0.11502607914741717,-1.8751724696457446,0.6713400764504657,-0.09580039756571423,1
-0.31502734368795865,1.9303836434580002,1.197246923645228,-0.336254738681072,0.42548993324023027,-2.049941278577478,0.714609790636618,0.224216404290793,1.1590740649558977,0.9976493868885875,1
-1.2397958416608208,-1.9182818210156674,-0.0007085945766459172,0.35561334878566,-0.31305803052315434,0.47240627788037737,-0.9564363768180087,-1.2932729578711637,1.484116028535965,1.4458632715892943,0
-0.25411476525156257,1.1223220197375214,0.8953554307625996,0.6295295842218108,-0.8043157596599924,-1.1306153349375263,-0.7582820688875902,0.19502498402812674,0.6227112239002686,0.6914038135959313,1
0.2580438236001672,0.3259699478461806,1.2477420726737338,0.8949243769444413,-0.2949496782920278,-0.6929051977959073,-1.243863235391285,1.7495767431869393,-0.7184072655691974,-0.3200382896649733,0
0.6882291194793871,-1.1230882395903543,-0.46770120131189136,-1.2946814757209058,1.1608267873785194,-0.36244094140313216,-1.7397137787780996,1.1487657003721035,-1.1196698946261439,-1.3729636263382548,0
-0.16545566033150683,-1.5076638081447458,-2.0417348684242906,0.02688583899453078,0.20838280794755248,0.8773622905756714,1.5033983017671506,-1.1583646891925428,-0.22096417382966393,-0.13331968008453332,0
0.8089074165652671,1.25737135230759,-0.7191533192424201,-0.8911922254152874,-2.151815401329305,0.8968393158655319,1.6122206282554243,0.14679301198554937,-0.2685306479058323,-0.9418487224183706,1
0.3825871416408509,1.4487919391028088,0.5010941699398452,0.23836898273478513,0.9751976297824297,1.1618783026081905,0.07005216311318138,-0.16882172319001063,-0.9273531341905741,-0.2228233598329743,1
-0.36526318796314666,1.4708854795280257,-0.1858457521927473,-1.9670697035871523,-1.1171864617070024,1.2005316584738726,-0.24852861807444937,0.23402445435314795,0.14035986984804696,0.9567172679583664,1
-0.9360311162837628,-1.252526877544966,1.617212574968624,1.9764405845154855,-1.5642416117110514,0.10589445311523424,0.6863184569567008,-0.4070363129267805,0.5844129804724842,1.1426373525776752,0
0.8898524413161514,-0.6310616534388458,-0.5756378262377739,-0.8583577801812136,0.7003098794089914,0.4933179008808892,2.632382064837391,-0.949398888831943,0.1848361236948739,-1.5611609708315815,0
-1.134167750868053,-1.6328248524369295,0.25373966149457344,2.6443433470170348,-1.5029703283951532,-0.46531045678005334,0.4966992232365217,-1.2295495944524168,-0.10594835430413566,1.3544869656773844,0
1.052687825820698,-0.4790132800354814,0.14088624691120394,-0.4888494217862741,-1.1196174332890112,1.884586305934609,1.088748619704186,-0.372206776071053,1.543243528272189,-1.7771026214710561,1
-0.9115201580125729,-1.2178881841414955,-1.7730324682068814,1.1260502507721681,-0.05139372358848624,0.37710039390218647,-0.36961033604363397,0.6215718898560508,-0.029262813684978354,1.1131958232975308,0
-0.07966970056327313,0.6228497691226762,-1.042044412243103,-0.6497652268482671,-1.2032008553891445,0.4794415180860639,-0.061764199860128925,-0.24149744587077882,0.8745170741325226,0.28740568614404505,1
-0.1680321825142572,0.28697737338854845,-0.2561797524953801,-0.4911537471421047,-0.28487549336967083,-0.1767741631157821,-0.7465783465402389,-0.20585943088034037,-1.5486182988637467,0.3385409181862268,1
1.1045290962957388,2.3828168008660526,-0.47490365662252443,-0.25890497370407733,0.5866938014752747,0.2011596558728393,-0.4646172972983931,1.1876793884615637,0.28328787154614216,-1.1124643495708335,1
-0.9195109063390485,2.6385763637592055,0.7774073527645112,-1.6304732437151401,1.205994516546816,-2.9911359709007233,0.08520944963390106,-1.1476913898156673,-0.18689615816198485,2.1310184117470277,1
0.5606206046735444,0.7710437582983825,-0.24125765461854246,1.1096998419562232,0.40981865692851255,0.4891871301476635,0.3506300992735592,0.17958178193959795,0.6347214685617699,-0.6789255582544221,1
0.3668711988510011,-1.0966226912081984,-0.3216350512173826,-0.3486521344078592,-0.3492577043184288,1.5007597906343109,-0.4281151609659125,-1.556581898659751,0.8502217421134929,-0.8616804558146343,0
0.2197310338383705,-0.4843455164950715,-0.006070911539893324,0.3885786045309641,2.4929995174327906,-1.1033666061738736,0.5079913269125437,-1.8362053731032966,-2.152890592952483,-0.4711331428211869,0
-1.1392232553445945,-1.670374896887215,1.188913371474643,0.8004095252276823,0.7542913298135743,-0.6414815952229522,0.5161782871149584,0.7250957868479971,0.43192254467394064,1.3526334573704302,0
-0.37519677955595376,-0.2743348893490043,-1.3793192280145272,-0.1769472274940494,-0.7982972445384537,0.6585442726728304,0.334456789987025,0.28586539072490497,2.0102045387663496,0.5173745309194908,0
-0.14410624756653542,0.2714485428496143,0.7426824183597224,0.4720022709192744,0.07595526791608741,0.23940450053537707,-0.580053241370043,1.4872461553359273,0.49968511030293383,0.2969402278973259,0
1.1843667853247581,2.4553700478675418,-0.4036484632419967,1.0299608175811612,-0.33477533210654087,-0.8463566549908735,0.48473281729447476,0.8527736751222195,-0.643549832317462,-1.2188600801808607,1
-0.016810141182625325,2.297378060331659,0.1764415552772252,0.42881650033057295,0.6931056072631441,-1.015821818978397,1.1486373494287152,0.20056919723094285,0.06167984984797165,0.6252513706755902,1
-0.208931908284977,-0.08232389510589133,-0.5698329282387588,-0.04551224530124217,-0.4242363333980435,-0.28744751940035557,1.7246966497611085,-2.0841129394985884,0.2873289044030093,0.3064673857097384,1
-0.16837712747150296,0.2855406505126643,-0.8192578597214978,-0.30372602877666466,-1.345870923473215,-0.8671302157109003,0.8250982646676347,0.15519068385897913,-0.6581164890752567,0.33870780670486533,0
0.3756122602949245,-0.7847789718164473,-0.5554771191602547,-0.5309969550018176,-0.6231405264247644,2.4553001399108942,0.2891686439078181,0.4924512640081491,-0.637739984251316,-0.7941102961485973,0
-1.5165211216193601,2.164022053809832,-0.5865312695639355,0.6102161695892225,0.15697296096843422,-0.9627325652846123,0.1704637709965709,-0.34254920085776497,-0.20661127969604665,2.944346086939337,1
0.5993290457089588,1.0439657414165149,-0.6057149230033384,-0.48791140814570266,2.1573082132655035,1.8260097135469362,-0.6056155397368641,1.0399046873960764,0.6779258713392691,-0.6685363080115416,1
0.3857119408857479,0.4403468907036554,-1.5256563145700948,-1.4183657329330317,-1.7608088119807759,0.22468472575188592,-0.39963618561460235,1.7269638512334051,0.9325908318730899,-0.4906034584064516,1
-0.3283243479351906,-0.07997675047627706,0.9262154022415924,-0.13427916218630415,1.42274813609994,-0.5827586576115821,0.26536234939962844,-0.10322175293249623,-2.438817158276429,0.4944705002301929,0
-1.2891273328762076,-1.9613205285941868,1.192507512477975,-1.0710536796490489,0.6802161054504494,0.40429475496169764,0.4367385517335095,0.19894814679649453,1.235782191822154,1.5120719666907108,0
-0.5391644623689955,1.392983647633709,-0.19646658342809717,0.4547409121411344,-0.5164296438875717,0.820344012612456,0.2531652380379812,-0.6315777291653314,-0.03361256470371301,1.2093553713290537,1
1.3888460868020844,-1.314690322579764,-0.06259312789952241,0.2811914239693758,0.10420110395187607,0.8534155587803077,0.594754341665286,0.5639091200523596,0.7589285897867651,-2.522556079664205,0
-0.03766653343314639,-1.6514929041262487,0.6218099622171964,0.632407739055521,0.9725544496267299,0.7077519354554754,1.8124485579969287,-0.6269670577877674,-0.5624667758942676,-0.37138242919701325,0
0.3259868715790794,1.181216596585782,-0.20367375017696587,1.2269332238843076,-0.10015407647995278,0.30179189981946597,-0.9983854391882915,0.46877425607502377,0.7660802783846903,-0.20373692781569797,1
-0.4216582744505175,1.2642614738524474,0.08382662792936094,0.7045065398247231,0.7890566873755189,0.4572804046152411,0.08199555641356042,-0.7341737987784958,1.4558223221467665,0.9913700965982579,1
-0.5458435659894448,2.4062396476609917,-1.3993061748019415,1.532367724678116,0.49986412374037137,1.5634133588321082,-0.35141423571373254,0.02390304328495547,-0.8184286659420014,1.48396818565464,1
-0.46269754229017396,1.0756348586509257,-0.47949296739924335,0.6979032725390276,-0.4430440211284823,-0.8610879101735704,0.4097627959594974,1.4104591452035038,1.4033699701251907,1.0066128005519546,1
-0.8601845217471047,-1.093467547845948,-0.15589817793666752,-1.1165244399486591,1.2358116200069387,-0.5358014630522978,1.5337277099164992,-0.6292633936927887,-1.7073579575929467,1.0650557099040894,0
-0.614038636022492,-0.6197126518911973,-0.7449026448064491,-0.8818746512277178,-0.16306696394376388,1.0701502383164274,0.3514482075415829,0.7083038472010638,-0.026521259249060063,0.802215438234853,0
0.4143276348398633,1.31478589431589,-1.19363683175648,-0.646227309843803,1.775310892609512,0.9694572005267368,-0.8661748482145009,1.2657078408647007,0.42719436187168486,-0.30757326836594856,1
1.213428595299869,1.1757927873264749,0.2603218387712207,-0.2500465145989528,0.28869362927985703,-0.6706202090766449,1.0005823180429783,0.9191541736100015,1.3924653000643288,-1.5980265393200188,1
-0.057792061845034215,0.24817823791019078,0.8691545924968965,1.5781180575621845,0.9854496856152184,-0.11622904312195817,0.2522403964266774,0.09175248444837286,0.21471318317052634,0.15540064605503612,1
0.8280779141506295,0.3649681006586952,-0.08836295920533532,-0.4363858905265686,-0.10960980392583083,0.5462842480036996,-0.014452270878279104,-0.47383934707091613,0.0064222698109378164,-1.20456409331226,1
0.8163738475547835,0.6600708911600759,-0.07964139124571515,0.02421945667275807,1.4122205554154292,2.062524919243145,0.42359906559346105,-0.955122579349353,-1.0675329142542729,-1.1092684044266272,1
0.4374518014970698,-0.7571234659241985,-0.36361221221385587,0.11422764866203965,0.1503017614618776,-0.037634702424848364,0.39913611435207086,-0.5449190868089497,1.1033018820165215,-0.8839608865004844,0
-1.3179051884601027,2.903345486093849,-0.5293321124483709,-0.33286040438251124,-0.09338685889994829,-0.39568071175626385,-1.2021495260760888,0.20438903160297678,0.31745326125017514,2.825332866771612,1
-0.6104901460487459,-0.6174026079694154,-2.9403886346642802,1.1337700968670645,0.5935567222808619,-0.1512732836535117,-0.1973384203073261,0.08958068125524882,-0.194908280352681,0.7972481081925245,0
0.9934018536563474,1.2785117042463043,-0.33381948975600995,-0.29548031802916036,0.6969544045107356,1.598647170504717,-0.25879606266710237,-0.3700110298821277,0.5609194479412387,-1.2259094770933563,1
-0.751405246654387,1.2088396687262617,-0.031058932870901952,-2.0870270186020687,-0.5846177306571996,-0.6373077470287948,1.2289805024890619,0.5348173363459102,0.45838670355148425,1.4944743038652388,1
-1.402619168696345,-2.131297121333793,0.6659242520544614,0.23007075919140207,0.49774308909139425,-0.3206676255571917,0.8876554258738361,0.5345056484805503,1.7952113559123222,1.645893493051243,0
-1.2309065602672904,-1.846136593158683,3.1377485336599937,1.3744380931708173,-2.1356742139786955,-0.6537663386488198,-0.9057323008626189,1.2619215007139917,-0.5956612940434921,1.4507175831208634,0
0.9361022843200401,-2.1214648657142474,-0.09671311187039239,1.6964563682900382,0.2110174672026184,1.7547941819843647,-1.280429352496283,0.6060099513456396,-2.081929407883722,-2.022261629547163,0
0.5161881229265793,-0.5356547639023204,0.09612077694098337,0.9382838059759977,-0.5160447282173739,0.028318376130461172,0.6815006973726244,-0.03955515385665504,0.02975613949574519,-0.9498095599046951,0
1.0921269412663308,1.1664099806782193,1.513449743242131,-0.08268068584269925,-0.12174750838328353,-0.7168223206028049,-0.19365945927971812,-1.141689114133505,-1.86653661707306,-1.4100845310075192,1
-1.8062866686201207,-2.93276763555833,1.2389463529394373,0.18384954475369486,1.8005111815108537,-1.308820399119112,1.360658595838651,0.2773769379581917,-3.0195121558208253,2.070543320089077,0
-0.8651835310081715,-1.1434224477605301,0.49201884799279927,0.6988284202025348,0.4209729443893898,0.007063158628176452,0.04977368718096008,0.5006657213812097,-0.6603211394734471,1.0598799043749243,0
0.18838386759144604,0.16336378833249998,-0.38502181171286365,-0.5262478565174211,1.3883377782084478,-2.7475048427252347,0.45768658605355206,-0.6068651778571754,-0.4997301761516306,-0.2530913939828705,1
0.5759258093601414,-0.40172812993454765,0.3686733088729012,1.2065089665083568,-0.8169356709872361,-0.16711808031685435,0.6487098875896427,1.3821589910375272,0.14671368643332283,-1.008659063401624,0
0.5477830797096922,-1.3091217520450127,2.2105230015913513,-0.14700200162848862,0.9638791167949097,-0.12982069973342616,-0.1852876588777083,0.41379909745149823,0.0438114719791096,-1.2010220086841448,0
0.5149086084188885,1.576778092627978,-0.1044492185374715,0.9503075919735757,1.7106133725819253,-1.053682419146354,-1.616310608436588,0.7999419019420501,-1.067802921579193,-0.39714457924868574,1
0.6065474590670527,1.8253622225110826,0.1684609762696143,0.33848384346169114,-0.29540141013902943,0.19438430157733602,0.32579631658216646,0.5796331732135757,-0.35316629281068834,-0.476176003077614,1
1.0987650961364035,1.1931735813421347,1.0325462043416573,1.3043402428781525,-1.6624919880356743,0.793488720552213,0.8108082731597821,-0.1343087414705478,-1.7485319732381808,-1.4135268041901767,1
0.8048851192666594,1.4307786821054327,-1.5047203740310022,-1.4063174636718339,-0.08310557262869477,-0.42930222451725997,-0.03703679704841202,-0.6117690909052854,-0.692420979873856,-0.8903327479284618,1
0.7582251040828973,1.3516339267538475,-2.59104229214491,0.7591551603026468,-0.5765104007267194,-1.8019804375800197,-1.1701130260593595,-0.22476540189268354,0.541462728204788,-0.8377289576429834,1
0.16090686947172173,2.3948320480158154,-0.9594392367234797,0.5820977034686158,-0.22648409884983192,1.8540925663341883,-1.024186824329205,0.6308116845547775,1.221033695525353,0.37172105700141755,1
-0.1536386721700602,-0.30353018341919147,-1.3353443587101013,0.620672097550678,0.17770100093325383,-0.24751863555150475,-0.7271371758248686,-1.5702247198904564,-0.07443342910004629,0.162019639149233,0
-1.1789612217940002,-1.7574559523397908,1.0519476177229186,0.6504500925361392,-1.503080301759818,0.4183982208886837,0.5225141052657575,-0.8304444065565653,1.4015985929464294,1.3923040229042805,0
-0.7862809582301861,-0.9658537633652609,-0.1627929060722942,0.6031874310823431,-0.5441140021141926,0.638391925608383,-0.9006207346478687,1.6426729532559634,-0.3286184757489846,0.9823266910586882,0
0.818780021255992,-2.1221068123273055,1.5655240292343404,-0.5589218472715883,0.37721187506452086,1.1950466289248425,-0.7001208149391732,0.132969674146876,-1.5231869047837747,-1.8382869200569947,0
0.9915070121957331,1.409676857285103,0.4240610444640897,0.2801611588196068,-0.8096035199216461,-0.5924642591528942,-1.234348871879922,1.6155828235482317,-0.02640575695892703,-1.188744076142956,1
-0.5546347341622102,-0.5388682614572903,1.7495839042054206,-0.43676423723821745,-1.6065771007386793,-0.1314725956716678,-0.3695269288333586,0.22530792204094158,0.8260471714415063,0.7300526521467454,0
0.11500553171450766,-1.2054892967392017,0.46320629209912306,0.5972282182533848,-0.9483480042242007,-1.1755946056248516,0.5532512199847837,0.17183933979353122,-0.8950698422766047,-0.49474579457749934,1
-0.5871804287640736,0.7628267545270341,-0.6122367345077503,0.9681846605328611,-0.33130838318332273,0.34005129456889044,0.7903718960517113,-0.2797601684958344,0.570612997219531,1.1204527375102737,1
-0.959757135606616,-1.3353299558900509,0.7215625051261435,-1.3810446031537749,0.30381859560487573,2.3638724946193608,1.0729780477660118,-0.20931381957936157,-0.7859860326349823,1.1582916761649855,0
1.6321577073756361,0.7090994201559171,0.11958036841415326,-0.015309849172995557,0.5792914996010884,-1.4789115687741288,0.3918040054025465,-0.5462444482524828,0.18335991977915564,-2.3768937740103198,1
0.4890285235710084,1.139211629526374,0.9960476858058164,1.185704154662997,0.7189533106650667,-1.0469109826819396,-0.6568942789713957,1.2004139079444254,0.5366527525272862,-0.4705870216201381,1
-0.4208377042804392,-0.10277260260971344,-1.344450511034277,-0.42018681709585726,-0.2817846088605072,1.5795721457307124,1.453384477117701,-0.4455025214007718,-0.5228600271532683,0.6337316733626621,0
0.3747320606576748,-0.11517407553770742,0.3216978061960136,-0.29027454418865134,0.26739231407190295,-0.09888965319114267,0.08182935854756501,0.8384907744516419,0.9190764829877686,-0.6181800709700427,0
0.4021723211349909,1.4061071593260839,0.7421274910718922,1.3149144535840473,1.639964529371393,0.9528745472029388,-0.13744851462769186,1.3736585451629577,1.6122782579886454,-0.26468991361348126,1
-0.27823006569507924,0.048763988669919156,-1.0718572330401555,-0.07576428653545988,0.6704806172412126,-1.1388331177807691,0.6222071440434019,0.30047435961082836,1.0391117874202687,0.44940488163256154,0
0.3530182813586651,-1.6482009277621783,0.3934853854217496,-0.6469367777055739,0.6982233136135899,0.9246336829127688,1.3993554365860021,0.5725827813561586,0.05963036992017413,-0.983719952031495,0
-0.28129166667617506,-0.7937452597112904,-0.2246331499970246,0.9407711879882159,-0.9824873935383096,-1.570500603623177,0.918316606002313,1.3920022863445993,-0.9896281365703375,0.23458976983342072,0
0.21003052533848612,0.9774927807944764,-0.36927713924620315,1.2119439853864005,0.26125053123385605,0.6835693232004776,0.6170059495766975,1.0599363840466218,-1.3659557112005343,-0.07484428257796161,0
0.09466368136686866,-0.8042712597022001,0.6197114459661363,-0.49190244750620515,-1.876552706041874,0.21128369227947272,-0.6067002947652967,-2.246889333984605,1.2000789564268612,-0.35823124761014746,1
-0.6483349289414169,1.4619684623708036,1.1356201471829441,0.9321915642603847,-0.23655528721894603,-0.9489165208248372,1.52100622715938,0.46667098196608103,1.7473631979155582,1.3986854055787368,1
-1.0873166366441376,-1.5784131208999486,-0.2789629303318085,-1.2565068942792563,0.8132051867479773,-0.493122822399772,-0.6897277740641738,-0.01383774609423725,1.4436320034688142,1.295135976670203,0
-0.8117569696112249,2.15054791571005,0.5950294658355647,-0.4561208274741882,0.18142662011397137,-0.7699960661974573,-0.3519213178165091,-0.48720292119492714,-1.2961166642498945,1.834677817449791,1
-1.1467782124263008,-1.6872998735874059,1.9925153531681183,-0.6058608207588934,1.7193779062072967,-1.3386057997232488,1.4532606633210343,-0.23086637384476896,0.6929186230316111,1.3600793641584694,0
0.7843106786548887,-1.18934741386395,-0.21220896990115168,0.6021183203924835,0.07203686128374476,2.411676675578421,-1.1302037246739238,0.09337237427665124,1.5163940552535728,-1.5410395856436652,1
-0.3906065894562047,0.25236861321522164,-0.14408755572161547,-1.9754665663538713,-0.9393353938187543,0.4865016438262019,-0.07049877805909122,0.5296927543567308,0.06447441481012024,0.6788588629441901,1
-0.27957406785290473,-0.8036196431934695,-0.36283856043965906,1.40934744018558,2.2988981236192503,1.0654803750653512,0.08228398927542419,0.889630795623437,-0.5172884501003722,0.22931993189622935,0
-0.19302518313611552,0.1492128480466468,1.5111549302473475,0.9216501119244593,-0.12754912037753421,-1.3303136257389898,-0.8987840483231282,0.10435593752321293,-0.1891203907770335,0.34185678943068454,0
-0.7756167010781713,1.4954775230350612,-0.05020461704174478,-1.4485914146335441,-0.29967664800678706,-0.2346205699574138,0.8584511166566653,0.651136241823657,0.03823799496002834,1.6071942546131195,1
0.5099717600304513,0.619650613599084,2.601683114180395,1.702214944635238,0.24075317948856828,0.02127157673606165,1.2382830714336357,0.5863640187550933,0.3088330125989638,-0.6388944290257178,1
0.9368668260255311,-0.22323698308743134,-0.32483138350862245,2.2524358053443088,0.9817654869915943,1.0098170893426341,1.642015160136369,-1.3230897934074983,-0.6881503451777238,-1.528642586760328,0
-0.41654105950551884,-0.24073176013954045,-2.5623336587953105,-0.22859991534001858,-0.9943493746085122,0.7408243454201259,-1.0021874557814727,0.04091917539572113,-0.5132135664715852,0.5910255230956493,0
-1.7849931269414878,3.2870867550859346,-0.25885440036983165,-1.0565576427602528,1.223083067095325,-0.6085897232397004,-0.8245141615276735,-1.1062935124116342,-0.5289777080640152,3.6584777688139973,1
0.5781547525892416,1.924389320062537,-1.5137143926128271,-0.060660813814620775,-0.7084067669104628,0.02131164867194222,1.0760071385985983,-0.796025856803489,1.9011906857530074,-0.4057986903837306,1
0.7924703070760625,-1.6745551758619883,0.7462535660272207,0.04643654815614881,-1.3598561409799192,1.2784518626072987,0.028744822934817487,-0.3933388123273607,0.19109906801990334,-1.6803275951999779,0
-0.9759465641146136,1.9394776233271191,3.9262377064363267,0.21539650545628794,0.5082686396745896,-2.1305664798072006,0.14125714008746323,0.38298898474092846,0.7682072166317373,2.0373594644687767,1
-1.671914677517856,3.6441632736449154,0.3161559571827783,0.7318707042882956,0.3350580290841175,-0.3020454994898642,0.6791427754381955,-0.2634482160822491,-0.3294477863470914,3.5740771913905984,1
0.3194234382033702,-0.8919940372578934,0.12810441491078928,-0.04015795064434341,-1.4307751021180481,-0.6763923020592697,1.4401172154494728,-0.08973569428722672,1.8009404329108156,-0.7338678625387531,0
0.02520806825440118,-0.44963322743170175,0.26705026586925884,1.0318445394686349,-1.485560373036972,1.4469778843537329,-0.4397310582741749,-0.18687164416135904,0.19655477651157463,-0.15677286395945356,0
-0.9595158522810064,0.9546386640564648,1.2571492168625729,-1.1300693390403578,-0.4500128579958137,0.7505791675217656,-1.5171736966716791,0.32950873557300914,-0.41619440488525394,1.7548486948740025,1
0.5270591206084263,-0.6537230909108802,-0.0952955323869521,0.24938368371075526,1.5774532797634744,-0.30777823495300083,2.16325472330546,0.6454841811410754,0.21915032766393897,-0.9976493973991454,0
-0.8770924562537586,-1.0958335317331411,0.0012054753622242368,-1.8936146669537857,0.21329370737293857,-0.7924199209999613,-0.14451867071551783,-0.6751782749743815,-0.3079615296390403,1.0909766476594638,0
-0.3376809378369904,-0.032933429313036555,0.6820520657126199,-0.06717829004935526,-0.7157599891107518,-0.9161919154812425,-0.6905410523162594,-0.7837656655863965,-0.8318222082304447,0.5214190272137695,0
-0.4695057025340517,1.0112977583123426,-1.907807557877391,0.33417641724489744,-0.15525904882474875,0.2577525401427507,0.07748051851886253,-0.9519184600222356,-1.2417605754816243,1.000527462344338,1
1.427903298594357,-1.636358791894486,-0.8946073022195039,-0.4787486216634773,1.2557561255735208,-0.30917212346863937,-0.4344962274323156,-0.4622752887050425,0.22213377163371284,-2.6677086257918528,0
0.33927115138993746,0.6191984143613655,1.3404504460231446,-0.7521564055905832,0.31917451041918043,-1.4575514994649306,0.08243975293450329,0.7600559636896026,-0.30920907704986345,-0.37109077982281435,1
1.0618526936666843,0.953320533220018,-0.43548637056984335,0.1904996797790664,0.7094518171390395,-0.09053328230416077,-0.5353281859539227,0.8474216771504216,0.33198033056901455,-1.418114791824494,1
0.2740811652679617,0.19375334499915753,-1.0265152994110602,0.19408999289830758,1.073631749859772,0.1866091231563581,0.6078965097165392,0.27902152577033923,-0.44643361455052827,-0.37967500389205344,0
0.021278466931127143,0.3906352483241654,0.0953441994413082,0.3496500472996937,-1.5648027713620551,-1.008554684076208,-0.5388418561927383,0.26044226333355597,-1.962625691672579,0.06843111170008309,1
1.15352849091541,0.2149020874740537,1.4926885689595217,0.9135846262332494,-0.8031789506803448,-0.22647889190152676,-0.82688035403986,-0.877982586756561,0.3673655068161781,-1.754490305021096,1
-0.43290460240254325,0.532178199010799,-1.3683150388328105,-1.9122549754197768,-0.06863404608546861,-1.8206033005485172,-0.5703513664136806,0.35250496835687956,0.2700573583914221,0.8181864471795186,1
0.32261683946710823,-1.6747652567903013,0.4632885301181062,0.8539759765522237,0.41486550036191044,0.34233783448962146,-0.33513778117145177,-0.5309708978119645,1.5541604207147741,-0.9429282914749182,1
-0.7926236986158198,-1.0022309234697184,0.6833289928110694,-0.7632861041785816,0.03793783544760203,0.8691560643892732,-1.2376624223272978,0.4822489526806572,0.8872908372667421,0.9827992923793679,0
0.7177596347904182,0.1920485279895201,1.0536417966078395,-1.3516846056163336,-0.9758732529773327,-1.4066610968482223,-0.6115178029919482,-0.7553829323533225,-0.9232332461109043,-1.0764907513982094,0
-0.3968620380970747,1.112643160219214,1.9870611116994412,0.5628808601743548,-0.8798143535020543,1.230874513154735,-0.4853058353678683,-0.742484232538384,1.6850142787085094,0.912928416747703,1
-1.0030689422958368,-1.369366566703714,0.05993263026632825,0.6354180302092264,-1.2392583948534726,-0.26451484131061076,-0.19382613877280352,0.8294748419317485,-2.0038623644067535,1.2173988466622236,0
-1.1935080882361475,-1.7834564327045062,-0.3431922754974105,-0.3916485674217911,0.26912694124510733,0.09798315347089544,1.0857863249393471,0.4676931717654332,0.3080505395041023,1.4083582653058715,0
0.9626658766425157,-1.7905270742692831,-1.5929937335316693,-0.6013676439512137,0.31978193414253697,0.1053755061459599,-0.9683444548636353,0.5500520990245519,-1.3340254949182044,-1.9776873228341203,0
0.7269575777044215,-1.8341923252575953,-2.120700152635066,-0.1873290184063747,-2.238231233324972,-0.6677795564688862,-0.936506374789596,-0.9096834169818336,0.29219272832637316,-1.6191159955459047,1
-0.26156337712023503,0.20614000289719236,-2.219300372747535,0.3278795241593574,0.08589300629333041,-0.25495579355369785,0.5488838353173644,0.547264797377967,-0.12545426000290022,0.4642697037590713,1
-1.242930597770591,-1.827705017630611,-0.181224173218103,-0.6475418056351592,0.7441919714999368,-0.24702570074599667,2.0997217891665154,-0.06613261462582246,-0.3583401520212222,1.4743944335475838,0
1.804297231908062,-1.0951668469327132,-1.4382779783173667,1.1484457091967548,0.11327041053776446,-0.7517910500951843,0.29875290836568624,3.193107567844861,-0.4263575962055433,-3.117399390373231,1
0.35257283822387975,-2.221127375061566,-0.18398333635267913,0.743264094022715,0.17086543812794186,-1.7101683926566256,0.3078017688920592,-0.056945623721067457,-1.348185422105713,-1.1323679504380872,0
-1.778669496676493,-2.878699928456975,-0.9399031011088647,-0.7627247785662142,-0.7691423497872982,0.9375701376265584,0.6592456684324051,-0.8170886310681906,-1.6075598643689741,2.0412911049888445,0
-1.6271413984439185,-2.662378477528602,-0.3920126399191296,-0.8627757640431206,0.6934789119139937,1.0971527117536957,-2.1533429198712444,-0.5260348426675804,-0.47883745600840416,1.8598510312120913,0
0.2723919757402904,-1.1890764012466895,-1.5566291735239037,-0.7043436905427592,-1.4084612963635597,-0.5227230205190395,-0.18490213644298903,0.924027019206901,1.0490092258368893,-0.7374917810087229,0
0.516441352349358,0.9466183549805357,0.16865467196672768,-0.22485598180807856,-0.6500025808234597,-0.13125696709230472,-0.987179527151184,-0.21113023882769444,0.07685188295876821,-0.5638166642456368,1
0.7377389276417894,-1.1498507988792048,0.22054142701386686,0.8333339117803071,-1.10486279306252,-0.5391227031489786,-0.6078752606758179,-0.8372624310497003,-0.5482687949250771,-1.4576475860488887,1
-1.1038154318480875,-1.62285335027603,-0.18319661872038787,3.109918556005361,0.6067230591361827,0.2502002062516945,-0.3839712719523516,-0.9980606273144129,1.9956674897839644,1.309447083701266,0
-0.1670134919490609,0.510177138747597,-0.1590452104000513,1.6259589153620633,2.218780233448134,-0.29983819627488056,-0.24338397937501807,-0.2739930818293042,1.904136589573007,0.3951244608221358,1
0.7550066814638583,0.2067379824633605,-0.6078219870944325,-0.11806852699107874,-2.1218548990085946,1.1398785611290454,-1.0065425652796411,1.3175975356079597,1.3171150673398653,-1.1311223395421226,1
1.0856917832494324,0.47883464107725426,0.9648516330974576,-1.6834381922209503,-0.8058700664961888,-0.5621680265783021,1.395683810789956,1.3103087461196083,-0.20922187374452778,-1.5792174365818377,1
-1.1446775393324296,-1.642302394151499,-1.2575778589146163,-1.0150941918278686,-0.8108575112103382,1.1401490385212665,0.49822174849678513,0.24650477843200488,1.5805406865683735,1.368511954223472,0
-0.39656039935222676,1.1101541120682978,-0.6520888885930607,-0.21804589539237385,-0.8476339286190848,0.39792704994680894,-1.0325239035275395,0.9413105807674833,1.80930634973311,0.9118061518896967,1
-0.41043785477526523,-0.14393263158709024,0.18676676447707832,0.517659020469123,-0.7257438131534656,-0.6248185776956788,-1.2795769667357015,-1.8408742313316453,0.026091050210833786,0.6066793305797937,0
-0.8656085193325525,1.9933962114514965,-0.5835993263460049,-1.28716356858425,-1.3971181851129912,-0.09363618873917084,-0.4711246518178786,1.0826910538870733,1.32579664754219,1.878234614276511,1
0.6607369813914801,0.8749983047242097,0.028181157369128247,0.5365098435704035,-0.8984679817910373,-0.17495975669540864,0.9920423495365228,-0.6680904536430488,-0.7557451594928447,-0.8089640029431713,1
-1.3723319092455817,3.2957117609854434,-0.22954865536034708,1.472670675750982,-0.6039806259692295,0.9553005582377528,-0.8892408282283243,-0.4555395260238707,0.8760467925297942,3.013037573817282,1
-1.0288293588543092,-1.4758141165451208,1.340461051790348,-0.2716551103260533,1.673452090298537,0.17682087213939798,-0.7217375533372533,0.06934433703625043,-0.5466800845872654,1.2300827356570516,0
-0.21580120739539618,0.17781385209586187,-1.326472128311083,0.3405892164004968,0.39069592092814415,0.271495310825648,1.0176614668435024,-0.9175028210142636,0.5514762752395233,0.38506022655831107,0
0.5092494953846205,-0.19043905789244842,0.015579047581467534,0.12557645347154225,-0.1730718242838696,1.3757068133116195,-0.29756350335999193,0.7011727423108983,-0.15005558703252672,-0.8489302769927609,0
-0.3595525008946716,-0.0914720923162976,0.5556044660034485,0.5211224283793383,0.645215585950057,-0.05489400061628639,0.22323891412915967,1.0560568090660518,0.28555407485765694,0.5404878134037319,0
0.5294565427224961,-0.4640753204007394,0.03800347816820029,1.7275431701007113,0.4363236696740321,-0.02435459226098284,-0.573700003938579,0.5228354880354996,2.1422703586118637,-0.9519759690168942,0
0.1923609846311771,1.1726177746380486,0.7348777860498175,1.6073455760199926,0.49097495163825133,0.28257995048829965,-0.1671217137864115,-0.5830774385689385,-0.24869112618354708,0.003752828289294241,1
-0.4355132427872605,-0.2722661112843242,-0.4367197360405955,-0.4700421477595015,0.2658782296520485,0.8823330623234091,0.6045153263553668,-1.2504077339697175,-0.45209033283308037,0.6125829423885872,0
0.8460860743065316,0.6378797805248466,0.3946715298229811,0.5885784044206096,1.6699045043514062,-0.8505204542093001,-0.20902325728602528,-1.2242982362893657,-0.5805234498047227,-1.1616875987817237,1
0.14706391165394667,-2.2203707292238537,0.33088023221445706,0.2337859117907477,-1.5558956462036273,0.03408346825922607,-1.2239402667622565,-0.6492775450660071,-0.7699732310586418,-0.8096161203172023,0
-0.5644506948375285,-0.5381332010429186,-1.1939250063990554,-1.5708761520684993,-1.1267674689098053,-0.10730214400422888,0.3696421921980939,1.1731246375866413,0.4477169258102776,0.7456508116698434,0
0.515274760541002,0.694208131706347,-1.366878698415421,-2.553921134901955,0.9343199112392737,0.9495541354413237,1.1906462747863413,0.43693816974634986,-1.4848979684499035,-0.6277824824368821,1
-1.4151623596464844,-2.1679864231912847,1.1126883749899252,-1.3526702858435344,-1.5223591862178911,0.40865281148067084,-1.77623523289832,0.14338846734225108,-1.0293715081820716,1.6560165856144236,0
-1.2027796942450082,-1.7893797530110684,0.23070090571868349,1.6614701657280182,0.020886488295961788,-1.6431888111541673,-0.10325476014904739,-0.828497024780246,-0.17585440443207118,1.4213663700874504,0
-1.835856061619329,3.8035596008285,0.8970661968871322,-0.6047446645382127,-2.205566057099069,-0.6243453897132241,-1.1896666590903613,-0.6353623888256293,-0.18452535765584954,3.872940349318205,1
-0.10178794845141201,-0.602746681272464,1.3289333195354096,-1.3122191934314063,0.6220699903060487,1.4313667818311835,0.33385996656853467,-0.1344967844017327,1.0817667276728287,0.002639806921953536,1
0.09496354514317402,-0.8579956904661681,0.650201177958661,-1.2803043986708944,0.8724573282801447,0.24380071377119883,0.7083564472993533,-1.0212328171307132,-0.5640786307367284,-0.37270646861377843,0
-0.2708738993628817,-0.21281272849212596,0.446872500802698,-0.9822940342546795,0.058984221589597374,-0.6582484123338483,-2.4883273534129895,0.03444101170584135,0.4535087125544674,0.369672780607068,1
-0.10913379577056416,0.7120798743687184,-0.20298063739565708,-0.6256772874962124,-1.3192471945987674,1.2235688824186275,-0.053120653017545344,0.3891591956679287,1.0964692338108837,0.35691076381961184,1
